-- MySQL dump 10.13  Distrib 8.0.33, for Linux (x86_64)
--
-- Host: localhost    Database: 4iz
-- ------------------------------------------------------
-- Server version	8.0.33-0ubuntu0.22.04.2

/*!40101 SET @OLD_CHARACTER_SET_CLIENT=@@CHARACTER_SET_CLIENT */;
/*!40101 SET @OLD_CHARACTER_SET_RESULTS=@@CHARACTER_SET_RESULTS */;
/*!40101 SET @OLD_COLLATION_CONNECTION=@@COLLATION_CONNECTION */;
/*!50503 SET NAMES utf8mb4 */;
/*!40103 SET @OLD_TIME_ZONE=@@TIME_ZONE */;
/*!40103 SET TIME_ZONE='+00:00' */;
/*!40014 SET @OLD_UNIQUE_CHECKS=@@UNIQUE_CHECKS, UNIQUE_CHECKS=0 */;
/*!40014 SET @OLD_FOREIGN_KEY_CHECKS=@@FOREIGN_KEY_CHECKS, FOREIGN_KEY_CHECKS=0 */;
/*!40101 SET @OLD_SQL_MODE=@@SQL_MODE, SQL_MODE='NO_AUTO_VALUE_ON_ZERO' */;
/*!40111 SET @OLD_SQL_NOTES=@@SQL_NOTES, SQL_NOTES=0 */;

--
-- Table structure for table `cart_options`
--

DROP TABLE IF EXISTS `cart_options`;
/*!40101 SET @saved_cs_client     = @@character_set_client */;
/*!50503 SET character_set_client = utf8mb4 */;
CREATE TABLE `cart_options` (
  `cart_id` int NOT NULL,
  `option_id` int NOT NULL,
  PRIMARY KEY (`cart_id`,`option_id`),
  KEY `IDX_be77c1b9b093b343871db25bda` (`cart_id`),
  KEY `IDX_24715dd60b7d6cbcf8507a2e49` (`option_id`),
  CONSTRAINT `FK_24715dd60b7d6cbcf8507a2e497` FOREIGN KEY (`option_id`) REFERENCES `options` (`id`) ON DELETE CASCADE ON UPDATE CASCADE,
  CONSTRAINT `FK_be77c1b9b093b343871db25bdaf` FOREIGN KEY (`cart_id`) REFERENCES `carts` (`id`) ON DELETE CASCADE ON UPDATE CASCADE
) ENGINE=InnoDB DEFAULT CHARSET=utf8mb4 COLLATE=utf8mb4_0900_ai_ci;
/*!40101 SET character_set_client = @saved_cs_client */;

--
-- Dumping data for table `cart_options`
--

LOCK TABLES `cart_options` WRITE;
/*!40000 ALTER TABLE `cart_options` DISABLE KEYS */;
/*!40000 ALTER TABLE `cart_options` ENABLE KEYS */;
UNLOCK TABLES;

--
-- Table structure for table `carts`
--

DROP TABLE IF EXISTS `carts`;
/*!40101 SET @saved_cs_client     = @@character_set_client */;
/*!50503 SET character_set_client = utf8mb4 */;
CREATE TABLE `carts` (
  `id` int NOT NULL AUTO_INCREMENT,
  `total_quantity` int NOT NULL,
  `total_price` decimal(65,3) NOT NULL,
  `created_at` timestamp NOT NULL DEFAULT CURRENT_TIMESTAMP,
  `updated_at` timestamp NULL DEFAULT NULL ON UPDATE CURRENT_TIMESTAMP,
  `user_id` int DEFAULT NULL,
  PRIMARY KEY (`id`),
  KEY `FK_2ec1c94a977b940d85a4f498aea` (`user_id`),
  CONSTRAINT `FK_2ec1c94a977b940d85a4f498aea` FOREIGN KEY (`user_id`) REFERENCES `users` (`id`)
) ENGINE=InnoDB DEFAULT CHARSET=utf8mb4 COLLATE=utf8mb4_0900_ai_ci;
/*!40101 SET character_set_client = @saved_cs_client */;

--
-- Dumping data for table `carts`
--

LOCK TABLES `carts` WRITE;
/*!40000 ALTER TABLE `carts` DISABLE KEYS */;
/*!40000 ALTER TABLE `carts` ENABLE KEYS */;
UNLOCK TABLES;

--
-- Table structure for table `categories`
--

DROP TABLE IF EXISTS `categories`;
/*!40101 SET @saved_cs_client     = @@character_set_client */;
/*!50503 SET character_set_client = utf8mb4 */;
CREATE TABLE `categories` (
  `id` int NOT NULL AUTO_INCREMENT,
  `name` varchar(300) NOT NULL,
  PRIMARY KEY (`id`),
  UNIQUE KEY `IDX_8b0be371d28245da6e4f4b6187` (`name`)
) ENGINE=InnoDB AUTO_INCREMENT=7 DEFAULT CHARSET=utf8mb4 COLLATE=utf8mb4_0900_ai_ci;
/*!40101 SET character_set_client = @saved_cs_client */;

--
-- Dumping data for table `categories`
--

LOCK TABLES `categories` WRITE;
/*!40000 ALTER TABLE `categories` DISABLE KEYS */;
INSERT INTO `categories` VALUES (4,'골프'),(2,'러닝'),(1,'신발'),(3,'조던'),(5,'축구'),(6,'테니스');
/*!40000 ALTER TABLE `categories` ENABLE KEYS */;
UNLOCK TABLES;

--
-- Table structure for table `images`
--

DROP TABLE IF EXISTS `images`;
/*!40101 SET @saved_cs_client     = @@character_set_client */;
/*!50503 SET character_set_client = utf8mb4 */;
CREATE TABLE `images` (
  `id` int NOT NULL AUTO_INCREMENT,
  `url` varchar(3000) NOT NULL,
  `item_id` int DEFAULT NULL,
  PRIMARY KEY (`id`),
  KEY `FK_ab0708468f90912cdbcec02f7b8` (`item_id`),
  CONSTRAINT `FK_ab0708468f90912cdbcec02f7b8` FOREIGN KEY (`item_id`) REFERENCES `items` (`id`)
) ENGINE=InnoDB AUTO_INCREMENT=35 DEFAULT CHARSET=utf8mb4 COLLATE=utf8mb4_0900_ai_ci;
/*!40101 SET character_set_client = @saved_cs_client */;

--
-- Dumping data for table `images`
--

LOCK TABLES `images` WRITE;
/*!40000 ALTER TABLE `images` DISABLE KEYS */;
INSERT INTO `images` VALUES (1,'https://lh3.googleusercontent.com/fife/AMPSemckgfGU5mykzmyX3s3yICAuoF-6HGmBsypAsOt53W7IdxzxyWnLIgZEOWmsAu2hUnA-cUBnZ9lKcmGENm9cNSxCuTylvrHXrriToszC5fWWmR-usIfKUfeyvwo2vrPd9-ZCRiXgG1mAYNPtpSnY15wXzaXcgp1SR1lkkJbEXKJgMTbCkrOZFPLT5I-vwQrbeVmrzhytoHu3T1ZZdInoWXyRtHRKG5ae6LeZB_rQ0DFDafoJ__14lZCoRFcRVhbBdoYfkoRH7sKzVr0-L4o36x0VLWXEXYVnffmc_VESUtvJzB9uzEcWHFSjMKF2RPTj2Or2-y1pkXtypF8yjsR5c5jVHCzl2LxuujMBwqEZmUUjwUrIe32WfN_WS-myFz7o4QEgDMFOyaAjxg09xMcYUrBFSApAo_8EwkHup8RYneR-0oZhz4xM053YBBOdSVUmta9z_PrpJFEM3EXk5_SA_x2L6Sg6e_1vEDx6WHdcDN71yy7pjEJ_0awXnPd4S_2FPXKOEZyBRbqSXxrutCqz1mbVcibajKa1nTP2ejCUpBfMrlJMc9pyPjnHIe1fGP81mNg8ckV65jVCrGpaOAh5AmwyBAfnafVS3nFuXggHsm0qarYSjYJsxURUoBs-r1syLEpY0T8VsNsIHQX5qxcZncSKrH4FQ2kd4f_KQsBVfGUWT6qrNcUqy5tQ6qHYrnJB8pzbbp5mFsXRoh_-MRyHxykSdYxD2uhLUu0fa9MUT8_DCU80d8OB7yx6CfgdrYWVPdmyZyDNxGOp1nT-zptKjAfI62p779Ml_6m0A0QLbCrj4JMKCLAB92ztGXCh7qjd1lHr2SOb3TkphXsGsJ21PZ5OKBS1SVelr5xbRGS0Ff-Rw1qSTc0D1UF-JEY4dDi3vspU09U1pfXDhde48BnRSCS3Ja-ju9yvZe82rjJDIveVerWJdhXToohNwxNwP63MpRDMkQ=w3456-h1848',1),(2,'https://lh3.google.com/u/0/d/1r_rQwrbKCrw1KhejWrNgAbRiQIwzvGWl=w3456-h1848-iv1',2),(3,'https://lh3.google.com/u/0/d/1Zkby_KGei0D7-sUIrv6MLz0ycJOC1mL4=w400-h380-p-k-nu-iv1',3),(4,'https://lh3.google.com/u/0/d/1xeWNQJXiYTbFVHpdfdi0HfiKoTIm4n5P=w400-h380-p-k-nu-iv1',4),(5,'https://lh3.google.com/u/0/d/1KD21ryn18rN7vsVtYm8RPq54aHNni4qo=w400-h380-p-k-nu-iv1',5),(6,'https://lh3.google.com/u/0/d/19dhsopckY-7l_VP3wy3Id8VzyqDG9egx=w400-h380-p-k-nu-iv1',6),(7,'https://lh3.google.com/u/0/d/1B4oRwfZIwb9eL4UyyRIAH-3JdUu8_Qz6=w400-h380-p-k-nu-iv1',7),(8,'https://lh3.google.com/u/0/d/1Auq22FrsHXwzI1xSJQdHmVJLB50s5nTK=w400-h380-p-k-nu-iv1',8),(9,'https://lh3.google.com/u/0/d/1Kq9MgGr7-k4yVyWOeiK3BvVxPVra73VR=w400-h380-p-k-nu-iv1',9),(10,'https://lh3.google.com/u/0/d/11wtOMDSITs4vLQHHCSTEYmp3kqhRnUwh=w400-h380-p-k-nu-iv1',10),(11,'https://lh3.google.com/u/0/d/1lUQWwehivV_C72MHop3zvtsYXCaHUm-p=w400-h380-p-k-nu-iv1',11),(12,'https://lh3.google.com/u/0/d/1bIAxoErrSoSjz0JppvjJqZa5_FOo1Wtf=w400-h380-p-k-nu-iv1',12),(13,'https://lh3.google.com/u/0/d/1X4le7RRb3vFgfifOvCbAo90lu39hWPVb=w400-h380-p-k-nu-iv1',13),(14,'https://lh3.google.com/u/0/d/1N6lKCcqvrf5Rps_qAa62FSpjJ7l7K0-V=w400-h380-p-k-nu-iv1',14),(15,'https://lh3.google.com/u/0/d/1-T-fm0f_ZNGYnbHzasuvvwazamf_hY4Q=w400-h380-p-k-nu-iv1',15),(16,'https://lh3.google.com/u/0/d/1dkSNAfl5zryyQhDw9dEXKTkE_hbvLVTr=w400-h380-p-k-nu-iv1',16),(17,'https://lh3.google.com/u/0/d/1dLeam-Fq7rptBJNfsQsHRNvX7EOXg0VY=w400-h380-p-k-nu-iv1',17),(18,'https://lh3.google.com/u/0/d/11dAvQ78PFEciEME1QsBWkaRY8OaFdkyA=w400-h380-p-k-nu-iv1',18),(19,'https://lh3.google.com/u/0/d/1x9OPyFkyffaeZMkXEVq-6Upiu2Tj3tPh=w400-h380-p-k-nu-iv1',19),(20,'https://lh3.google.com/u/0/d/1eHIbQRQSMxu46RCrDa2jxGnMEtzQ24hw=w400-h380-p-k-nu-iv1',20),(21,'https://lh3.google.com/u/0/d/1U2YNi69QEGM2-4kziKwH_Tqklc3XEJfu=w400-h380-p-k-nu-iv1',21),(22,'https://lh3.google.com/u/0/d/1BY7jaCyYTYbCWynETAaE30IecTozYRPg=w400-h380-p-k-nu-iv1',22),(23,'https://lh3.google.com/u/0/d/15RM1_PKOKQNLmqVTzJd_bLj8iYcCaT08=w400-h380-p-k-nu-iv1',23),(24,'https://lh3.google.com/u/0/d/1JjIgGjPOMQNfIPxB8y34oL5jviBz77a6=w400-h380-p-k-nu-iv1',24),(25,'https://lh3.google.com/u/0/d/1tS_ptQ5dJS8j56D5jWQOsWIvkCpvLHat=w400-h380-p-k-nu-iv1',25),(26,'https://lh3.google.com/u/0/d/1SznDpHOGS7PTKZAbFGdI9oyEe2BAdn9_=w400-h380-p-k-nu-iv1',26),(27,'https://lh3.google.com/u/0/d/1zRAIISGwoBhHBrMtdYOTnqkuzVkqLdML=w400-h380-p-k-nu-iv1',27),(28,'https://lh3.google.com/u/0/d/1U9RNd7Mo_tWwi9-KG4oLVSP4DlGh88OY=w400-h380-p-k-nu-iv1',28),(29,'https://lh3.google.com/u/0/d/13VVK-KZ4KqgqfHntlZ3i7GdYxfIZCL1H=w400-h380-p-k-nu-iv1',29),(30,'https://lh3.google.com/u/0/d/1sQrC5rf2IqLEal9MNstTpOjQrnyivkJ5=w400-h380-p-k-nu-iv1',30),(31,'https://lh3.google.com/u/0/d/1Hu-jT-DSQ-TdHX8ZNjSS9xdzCVeYexGb=w400-h380-p-k-nu-iv1',1),(32,'https://lh3.google.com/u/0/d/1ggVJ_M26f3HTjnYs3JKZzwVuvSceMwnH=w400-h380-p-k-nu-iv1',1),(33,'https://lh3.google.com/u/0/d/10QSFNcI4lH7boFwIxBs2LaNc2dH1055S=w400-h380-p-k-nu-iv1',1),(34,'https://lh3.google.com/u/0/d/1odqOynmR-BOawnzPYL4qKvLLUtCADKub=w400-h380-p-k-nu-iv1',1);
/*!40000 ALTER TABLE `images` ENABLE KEYS */;
UNLOCK TABLES;

--
-- Table structure for table `item_categories`
--

DROP TABLE IF EXISTS `item_categories`;
/*!40101 SET @saved_cs_client     = @@character_set_client */;
/*!50503 SET character_set_client = utf8mb4 */;
CREATE TABLE `item_categories` (
  `item_id` int NOT NULL,
  `category_id` int NOT NULL,
  PRIMARY KEY (`item_id`,`category_id`),
  KEY `IDX_a64b7fc80dae231bad4c54e00d` (`item_id`),
  KEY `IDX_85aa6c4dd057e26e08b1d3919f` (`category_id`),
  CONSTRAINT `FK_85aa6c4dd057e26e08b1d3919fd` FOREIGN KEY (`category_id`) REFERENCES `categories` (`id`) ON DELETE CASCADE ON UPDATE CASCADE,
  CONSTRAINT `FK_a64b7fc80dae231bad4c54e00dd` FOREIGN KEY (`item_id`) REFERENCES `items` (`id`) ON DELETE CASCADE ON UPDATE CASCADE
) ENGINE=InnoDB DEFAULT CHARSET=utf8mb4 COLLATE=utf8mb4_0900_ai_ci;
/*!40101 SET character_set_client = @saved_cs_client */;

--
-- Dumping data for table `item_categories`
--

LOCK TABLES `item_categories` WRITE;
/*!40000 ALTER TABLE `item_categories` DISABLE KEYS */;
INSERT INTO `item_categories` VALUES (1,1),(1,2),(1,5),(2,1),(2,2),(3,1),(3,2),(3,4),(3,6),(4,1),(4,2),(5,1),(5,2),(5,3),(6,1),(6,2),(7,1),(7,2),(7,3),(8,1),(8,3),(8,5),(9,1),(9,3),(10,1),(10,3),(10,4),(11,1),(11,3),(12,1),(12,3),(12,4),(12,6),(13,1),(13,2),(13,5),(14,1),(14,2),(14,5),(14,6),(15,1),(15,2),(15,5),(16,1),(16,3),(16,4),(16,5),(17,1),(17,5),(17,6),(18,1),(18,5),(18,6),(19,1),(19,4),(20,1),(20,3),(20,4),(21,1),(21,4),(21,6),(22,1),(22,2),(22,4),(23,1),(23,4),(24,1),(24,4),(24,5),(25,1),(25,2),(25,6),(26,1),(26,4),(26,6),(27,1),(27,4),(27,6),(28,1),(28,3),(28,6),(29,1),(29,2),(29,3),(29,5),(29,6),(30,1),(30,6);
/*!40000 ALTER TABLE `item_categories` ENABLE KEYS */;
UNLOCK TABLES;

--
-- Table structure for table `items`
--

DROP TABLE IF EXISTS `items`;
/*!40101 SET @saved_cs_client     = @@character_set_client */;
/*!50503 SET character_set_client = utf8mb4 */;
CREATE TABLE `items` (
  `id` int NOT NULL AUTO_INCREMENT,
  `name` varchar(300) NOT NULL,
  `price` decimal(65,3) NOT NULL,
  `gender` varchar(20) NOT NULL,
  `description` text NOT NULL,
  `is_new` tinyint NOT NULL DEFAULT '0',
  `discount_rate` int NOT NULL DEFAULT '0',
  `release_date` date NOT NULL,
  `created_at` timestamp NOT NULL DEFAULT CURRENT_TIMESTAMP,
  `updated_at` timestamp NULL DEFAULT NULL ON UPDATE CURRENT_TIMESTAMP,
  PRIMARY KEY (`id`),
  UNIQUE KEY `IDX_213736582899b3599acaade2cd` (`name`)
) ENGINE=InnoDB AUTO_INCREMENT=31 DEFAULT CHARSET=utf8mb4 COLLATE=utf8mb4_0900_ai_ci;
/*!40101 SET character_set_client = @saved_cs_client */;

--
-- Dumping data for table `items`
--

LOCK TABLES `items` WRITE;
/*!40000 ALTER TABLE `items` DISABLE KEYS */;
INSERT INTO `items` VALUES (1,'나이키 슈 넥서스 100',159000.000,'남성','슈 넥서스~~',0,0,'2021-12-12','2023-06-20 08:53:40',NULL),(2,'나이키 슈 소닉 50',189000.000,'여성','슈퍼 소닉!!',0,0,'2019-03-02','2023-06-20 08:53:40',NULL),(3,'나이키 레볼루션 1',179000.000,'여성','혁명적인 신발!',0,25,'0000-00-00','2023-06-20 08:53:40',NULL),(4,'나이키 하이브리드 23',279000.000,'남성','잡동사니 신발',0,5,'2015-01-14','2023-06-20 08:53:40',NULL),(5,'나이키 스마트 테크 슈즈',179000.000,'여성','헛소리 신발',1,10,'2023-03-05','2023-06-20 08:53:40',NULL),(6,'나이키 슈퍼 패스트 3',159000.000,'유니섹스','너무 빠른 신발',1,10,'2001-02-18','2023-06-20 08:53:40',NULL),(7,'조던 미라클 슈즈',129000.000,'유니섹스','기적같은 신발!',0,0,'2015-04-25','2023-06-20 08:53:40',NULL),(8,'조던 엘리트 슈즈',239000.000,'남성','농구 엘리트만을 위한',1,20,'0000-00-00','2023-06-20 08:53:40',NULL),(9,'스테판 슈즈 엑스',249000.000,'여성','환상적인 농구화',0,0,'2018-01-24','2023-06-20 08:53:40',NULL),(10,'스테판 매직 슈즈',139000.000,'남성','마법같은 신발',1,30,'2018-06-21','2023-06-20 08:53:40',NULL),(11,'르브론 슈즈 지니어스',219000.000,'여성','천재를 위한',1,0,'2016-11-11','2023-06-20 08:53:40',NULL),(12,'르브론 클래식 슈지',139000.000,'여성','완벽한 클래식',0,20,'2013-03-02','2023-06-20 08:53:40',NULL),(13,'나이키 컴포터 슈즈',309000.000,'여성','매우 편함',0,15,'0000-00-00','2023-06-20 08:53:40',NULL),(14,'나이키 퓨전 슈즈',329000.000,'남성','융합 신발',0,0,'2015-01-14','2023-06-20 08:53:40',NULL),(15,'나이키 에이스 슈즈',289000.000,'유니섹스','최고를 위한',0,40,'2023-03-05','2023-06-20 08:53:40',NULL),(16,'나이키 슈즈 고',309000.000,'남성','달리는 축구화',1,30,'2021-12-12','2023-06-20 08:53:40',NULL),(17,'나이키 프리미엄 슈즈',289000.000,'남성','고급진 신발',1,10,'2019-03-02','2023-06-20 08:53:40',NULL),(18,'나이키 프로 슈즈',269000.000,'유니섹스','아마추어는 꺼지고',1,20,'0000-00-00','2023-06-20 08:53:40',NULL),(19,'나이키 탑 슈즈',179000.000,'남성','최고의 골프화',1,35,'2015-07-14','2023-06-20 08:53:40',NULL),(20,'나이키 슈즈 부스트',169000.000,'유니섹스','부스트 신발',0,45,'2012-04-12','2023-06-20 08:53:40',NULL),(21,'나이키 다이나믹 슈즈',179000.000,'남성','매우 동적인',0,10,'2019-12-23','2023-06-20 08:53:40',NULL),(22,'나이키 세이프 슈즈',179000.000,'유니섹스','매우 안정적인',0,0,'2014-03-02','2023-06-20 08:53:40',NULL),(23,'나이키 플렉스 슈즈',259000.000,'남성','매우 유연한',1,0,'0000-00-00','2023-06-20 08:53:40',NULL),(24,'나이키 에코 슈즈',170000.000,'유니섹스','친환경적인',0,0,'2015-01-14','2023-06-20 08:53:40',NULL),(25,'나이키코트 슈즈 블로그',189000.000,'여성','블로그 테니스화',0,65,'2023-03-05','2023-06-20 08:53:40',NULL),(26,'나이키코트 맥스 슈즈',79000.000,'남성','최고 신발',0,0,'2021-12-12','2023-06-20 08:53:40',NULL),(27,'나이키코트 슈즈 테크',99000.000,'여성','기술을 감미한',1,55,'2019-03-02','2023-06-20 08:53:40',NULL),(28,'나이키코트 울트라 슈즈',119000.000,'여성','말 그래도 울트라',1,45,'0000-00-00','2023-06-20 08:53:40',NULL),(29,'나이키코트 에지 슈즈',189000.000,'남성','에지한 신발',1,5,'2015-01-14','2023-06-20 08:53:40',NULL),(30,'나이키코트 슬릭 슈즈',169000.000,'남성','빛나는',0,50,'2023-03-05','2023-06-20 08:53:40',NULL);
/*!40000 ALTER TABLE `items` ENABLE KEYS */;
UNLOCK TABLES;

--
-- Table structure for table `migrations`
--

DROP TABLE IF EXISTS `migrations`;
/*!40101 SET @saved_cs_client     = @@character_set_client */;
/*!50503 SET character_set_client = utf8mb4 */;
CREATE TABLE `migrations` (
  `id` int NOT NULL AUTO_INCREMENT,
  `timestamp` bigint NOT NULL,
  `name` varchar(255) NOT NULL,
  PRIMARY KEY (`id`)
) ENGINE=InnoDB AUTO_INCREMENT=3 DEFAULT CHARSET=utf8mb4 COLLATE=utf8mb4_0900_ai_ci;
/*!40101 SET character_set_client = @saved_cs_client */;

--
-- Dumping data for table `migrations`
--

LOCK TABLES `migrations` WRITE;
/*!40000 ALTER TABLE `migrations` DISABLE KEYS */;
/*!40000 ALTER TABLE `migrations` ENABLE KEYS */;
UNLOCK TABLES;

--
-- Table structure for table `options`
--

DROP TABLE IF EXISTS `options`;
/*!40101 SET @saved_cs_client     = @@character_set_client */;
/*!50503 SET character_set_client = utf8mb4 */;
CREATE TABLE `options` (
  `id` int NOT NULL AUTO_INCREMENT,
  `color` varchar(300) NOT NULL,
  `size` varchar(300) NOT NULL,
  `stock` int NOT NULL,
  `item_id` int DEFAULT NULL,
  PRIMARY KEY (`id`),
  UNIQUE KEY `IDX_db77083482992bc3ade838f3e7` (`item_id`,`color`,`size`),
  CONSTRAINT `FK_c38790b0beaabb39461abd4f95f` FOREIGN KEY (`item_id`) REFERENCES `items` (`id`)
) ENGINE=InnoDB AUTO_INCREMENT=4561 DEFAULT CHARSET=utf8mb4 COLLATE=utf8mb4_0900_ai_ci;
/*!40101 SET character_set_client = @saved_cs_client */;

--
-- Dumping data for table `options`
--

LOCK TABLES `options` WRITE;
/*!40000 ALTER TABLE `options` DISABLE KEYS */;
INSERT INTO `options` VALUES (1,'흰색','220',100,1),(2,'흰색','220',100,2),(3,'흰색','220',100,3),(4,'흰색','220',100,4),(5,'흰색','220',100,5),(6,'흰색','220',100,6),(7,'흰색','220',100,7),(8,'흰색','220',100,8),(9,'흰색','220',100,9),(10,'흰색','220',100,10),(11,'흰색','220',100,11),(12,'흰색','220',100,12),(13,'흰색','220',100,13),(14,'흰색','220',100,14),(15,'흰색','220',100,15),(16,'흰색','220',100,16),(17,'흰색','220',100,17),(18,'흰색','220',100,18),(19,'흰색','220',100,19),(20,'흰색','220',100,20),(21,'흰색','220',100,21),(22,'흰색','220',100,22),(23,'흰색','220',100,23),(24,'흰색','220',100,24),(25,'흰색','220',100,25),(26,'흰색','220',100,26),(27,'흰색','220',100,27),(28,'흰색','220',100,28),(29,'흰색','220',100,29),(30,'흰색','220',100,30),(31,'흰색','225',100,1),(32,'흰색','225',100,2),(33,'흰색','225',100,3),(34,'흰색','225',100,4),(35,'흰색','225',100,5),(36,'흰색','225',100,6),(37,'흰색','225',100,7),(38,'흰색','225',100,8),(39,'흰색','225',100,9),(40,'흰색','225',100,10),(41,'흰색','225',100,11),(42,'흰색','225',100,12),(43,'흰색','225',100,13),(44,'흰색','225',100,14),(45,'흰색','225',100,15),(46,'흰색','225',100,16),(47,'흰색','225',100,17),(48,'흰색','225',100,18),(49,'흰색','225',100,19),(50,'흰색','225',100,20),(51,'흰색','225',100,21),(52,'흰색','225',100,22),(53,'흰색','225',100,23),(54,'흰색','225',100,24),(55,'흰색','225',100,25),(56,'흰색','225',100,26),(57,'흰색','225',100,27),(58,'흰색','225',100,28),(59,'흰색','225',100,29),(60,'흰색','225',100,30),(61,'흰색','230',100,1),(62,'흰색','230',100,2),(63,'흰색','230',100,3),(64,'흰색','230',100,4),(65,'흰색','230',100,5),(66,'흰색','230',100,6),(67,'흰색','230',100,7),(68,'흰색','230',100,8),(69,'흰색','230',100,9),(70,'흰색','230',100,10),(71,'흰색','230',100,11),(72,'흰색','230',100,12),(73,'흰색','230',100,13),(74,'흰색','230',100,14),(75,'흰색','230',100,15),(76,'흰색','230',100,16),(77,'흰색','230',100,17),(78,'흰색','230',100,18),(79,'흰색','230',100,19),(80,'흰색','230',100,20),(81,'흰색','230',100,21),(82,'흰색','230',100,22),(83,'흰색','230',100,23),(84,'흰색','230',100,24),(85,'흰색','230',100,25),(86,'흰색','230',100,26),(87,'흰색','230',100,27),(88,'흰색','230',100,28),(89,'흰색','230',100,29),(90,'흰색','230',100,30),(91,'흰색','235',100,1),(92,'흰색','235',100,2),(93,'흰색','235',100,3),(94,'흰색','235',100,4),(95,'흰색','235',100,5),(96,'흰색','235',100,6),(97,'흰색','235',100,7),(98,'흰색','235',100,8),(99,'흰색','235',100,9),(100,'흰색','235',100,10),(101,'흰색','235',100,11),(102,'흰색','235',100,12),(103,'흰색','235',100,13),(104,'흰색','235',100,14),(105,'흰색','235',100,15),(106,'흰색','235',100,16),(107,'흰색','235',100,17),(108,'흰색','235',100,18),(109,'흰색','235',100,19),(110,'흰색','235',100,20),(111,'흰색','235',100,21),(112,'흰색','235',100,22),(113,'흰색','235',100,23),(114,'흰색','235',100,24),(115,'흰색','235',100,25),(116,'흰색','235',100,26),(117,'흰색','235',100,27),(118,'흰색','235',100,28),(119,'흰색','235',100,29),(120,'흰색','235',100,30),(121,'흰색','240',100,1),(122,'흰색','240',100,2),(123,'흰색','240',100,3),(124,'흰색','240',100,4),(125,'흰색','240',100,5),(126,'흰색','240',100,6),(127,'흰색','240',100,7),(128,'흰색','240',100,8),(129,'흰색','240',100,9),(130,'흰색','240',100,10),(131,'흰색','240',100,11),(132,'흰색','240',100,12),(133,'흰색','240',100,13),(134,'흰색','240',100,14),(135,'흰색','240',100,15),(136,'흰색','240',100,16),(137,'흰색','240',100,17),(138,'흰색','240',100,18),(139,'흰색','240',100,19),(140,'흰색','240',100,20),(141,'흰색','240',100,21),(142,'흰색','240',100,22),(143,'흰색','240',100,23),(144,'흰색','240',100,24),(145,'흰색','240',100,25),(146,'흰색','240',100,26),(147,'흰색','240',100,27),(148,'흰색','240',100,28),(149,'흰색','240',100,29),(150,'흰색','240',100,30),(151,'흰색','245',100,1),(152,'흰색','245',100,2),(153,'흰색','245',100,3),(154,'흰색','245',100,4),(155,'흰색','245',100,5),(156,'흰색','245',100,6),(157,'흰색','245',100,7),(158,'흰색','245',100,8),(159,'흰색','245',100,9),(160,'흰색','245',100,10),(161,'흰색','245',100,11),(162,'흰색','245',100,12),(163,'흰색','245',100,13),(164,'흰색','245',100,14),(165,'흰색','245',100,15),(166,'흰색','245',100,16),(167,'흰색','245',100,17),(168,'흰색','245',100,18),(169,'흰색','245',100,19),(170,'흰색','245',100,20),(171,'흰색','245',100,21),(172,'흰색','245',100,22),(173,'흰색','245',100,23),(174,'흰색','245',100,24),(175,'흰색','245',100,25),(176,'흰색','245',100,26),(177,'흰색','245',100,27),(178,'흰색','245',100,28),(179,'흰색','245',100,29),(180,'흰색','245',100,30),(181,'흰색','250',100,1),(182,'흰색','250',100,2),(183,'흰색','250',100,3),(184,'흰색','250',100,4),(185,'흰색','250',100,5),(186,'흰색','250',100,6),(187,'흰색','250',100,7),(188,'흰색','250',100,8),(189,'흰색','250',100,9),(190,'흰색','250',100,10),(191,'흰색','250',100,11),(192,'흰색','250',100,12),(193,'흰색','250',100,13),(194,'흰색','250',100,14),(195,'흰색','250',100,15),(196,'흰색','250',100,16),(197,'흰색','250',100,17),(198,'흰색','250',100,18),(199,'흰색','250',100,19),(200,'흰색','250',100,20),(201,'흰색','250',100,21),(202,'흰색','250',100,22),(203,'흰색','250',100,23),(204,'흰색','250',100,24),(205,'흰색','250',100,25),(206,'흰색','250',100,26),(207,'흰색','250',100,27),(208,'흰색','250',100,28),(209,'흰색','250',100,29),(210,'흰색','250',100,30),(211,'흰색','255',100,1),(212,'흰색','255',100,2),(213,'흰색','255',100,3),(214,'흰색','255',100,4),(215,'흰색','255',100,5),(216,'흰색','255',100,6),(217,'흰색','255',100,7),(218,'흰색','255',100,8),(219,'흰색','255',100,9),(220,'흰색','255',100,10),(221,'흰색','255',100,11),(222,'흰색','255',100,12),(223,'흰색','255',100,13),(224,'흰색','255',100,14),(225,'흰색','255',100,15),(226,'흰색','255',100,16),(227,'흰색','255',100,17),(228,'흰색','255',100,18),(229,'흰색','255',100,19),(230,'흰색','255',100,20),(231,'흰색','255',100,21),(232,'흰색','255',100,22),(233,'흰색','255',100,23),(234,'흰색','255',100,24),(235,'흰색','255',100,25),(236,'흰색','255',100,26),(237,'흰색','255',100,27),(238,'흰색','255',100,28),(239,'흰색','255',100,29),(240,'흰색','255',100,30),(241,'흰색','260',100,1),(242,'흰색','260',100,2),(243,'흰색','260',100,3),(244,'흰색','260',100,4),(245,'흰색','260',100,5),(246,'흰색','260',100,6),(247,'흰색','260',100,7),(248,'흰색','260',100,8),(249,'흰색','260',100,9),(250,'흰색','260',100,10),(251,'흰색','260',100,11),(252,'흰색','260',100,12),(253,'흰색','260',100,13),(254,'흰색','260',100,14),(255,'흰색','260',100,15),(256,'흰색','260',100,16),(257,'흰색','260',100,17),(258,'흰색','260',100,18),(259,'흰색','260',100,19),(260,'흰색','260',100,20),(261,'흰색','260',100,21),(262,'흰색','260',100,22),(263,'흰색','260',100,23),(264,'흰색','260',100,24),(265,'흰색','260',100,25),(266,'흰색','260',100,26),(267,'흰색','260',100,27),(268,'흰색','260',100,28),(269,'흰색','260',100,29),(270,'흰색','260',100,30),(271,'흰색','265',100,1),(272,'흰색','265',100,2),(273,'흰색','265',100,3),(274,'흰색','265',100,4),(275,'흰색','265',100,5),(276,'흰색','265',100,6),(277,'흰색','265',100,7),(278,'흰색','265',100,8),(279,'흰색','265',100,9),(280,'흰색','265',100,10),(281,'흰색','265',100,11),(282,'흰색','265',100,12),(283,'흰색','265',100,13),(284,'흰색','265',100,14),(285,'흰색','265',100,15),(286,'흰색','265',100,16),(287,'흰색','265',100,17),(288,'흰색','265',100,18),(289,'흰색','265',100,19),(290,'흰색','265',100,20),(291,'흰색','265',100,21),(292,'흰색','265',100,22),(293,'흰색','265',100,23),(294,'흰색','265',100,24),(295,'흰색','265',100,25),(296,'흰색','265',100,26),(297,'흰색','265',100,27),(298,'흰색','265',100,28),(299,'흰색','265',100,29),(300,'흰색','265',100,30),(301,'흰색','270',100,1),(302,'흰색','270',100,2),(303,'흰색','270',100,3),(304,'흰색','270',100,4),(305,'흰색','270',100,5),(306,'흰색','270',100,6),(307,'흰색','270',100,7),(308,'흰색','270',100,8),(309,'흰색','270',100,9),(310,'흰색','270',100,10),(311,'흰색','270',100,11),(312,'흰색','270',100,12),(313,'흰색','270',100,13),(314,'흰색','270',100,14),(315,'흰색','270',100,15),(316,'흰색','270',100,16),(317,'흰색','270',100,17),(318,'흰색','270',100,18),(319,'흰색','270',100,19),(320,'흰색','270',100,20),(321,'흰색','270',100,21),(322,'흰색','270',100,22),(323,'흰색','270',100,23),(324,'흰색','270',100,24),(325,'흰색','270',100,25),(326,'흰색','270',100,26),(327,'흰색','270',100,27),(328,'흰색','270',100,28),(329,'흰색','270',100,29),(330,'흰색','270',100,30),(331,'흰색','275',100,1),(332,'흰색','275',100,2),(333,'흰색','275',100,3),(334,'흰색','275',100,4),(335,'흰색','275',100,5),(336,'흰색','275',100,6),(337,'흰색','275',100,7),(338,'흰색','275',100,8),(339,'흰색','275',100,9),(340,'흰색','275',100,10),(341,'흰색','275',100,11),(342,'흰색','275',100,12),(343,'흰색','275',100,13),(344,'흰색','275',100,14),(345,'흰색','275',100,15),(346,'흰색','275',100,16),(347,'흰색','275',100,17),(348,'흰색','275',100,18),(349,'흰색','275',100,19),(350,'흰색','275',100,20),(351,'흰색','275',100,21),(352,'흰색','275',100,22),(353,'흰색','275',100,23),(354,'흰색','275',100,24),(355,'흰색','275',100,25),(356,'흰색','275',100,26),(357,'흰색','275',100,27),(358,'흰색','275',100,28),(359,'흰색','275',100,29),(360,'흰색','275',100,30),(361,'흰색','280',100,1),(362,'흰색','280',100,2),(363,'흰색','280',100,3),(364,'흰색','280',100,4),(365,'흰색','280',100,5),(366,'흰색','280',100,6),(367,'흰색','280',100,7),(368,'흰색','280',100,8),(369,'흰색','280',100,9),(370,'흰색','280',100,10),(371,'흰색','280',100,11),(372,'흰색','280',100,12),(373,'흰색','280',100,13),(374,'흰색','280',100,14),(375,'흰색','280',100,15),(376,'흰색','280',100,16),(377,'흰색','280',100,17),(378,'흰색','280',100,18),(379,'흰색','280',100,19),(380,'흰색','280',100,20),(381,'흰색','280',100,21),(382,'흰색','280',100,22),(383,'흰색','280',100,23),(384,'흰색','280',100,24),(385,'흰색','280',100,25),(386,'흰색','280',100,26),(387,'흰색','280',100,27),(388,'흰색','280',100,28),(389,'흰색','280',100,29),(390,'흰색','280',100,30),(391,'흰색','285',100,1),(392,'흰색','285',100,2),(393,'흰색','285',100,3),(394,'흰색','285',100,4),(395,'흰색','285',100,5),(396,'흰색','285',100,6),(397,'흰색','285',100,7),(398,'흰색','285',100,8),(399,'흰색','285',100,9),(400,'흰색','285',100,10),(401,'흰색','285',100,11),(402,'흰색','285',100,12),(403,'흰색','285',100,13),(404,'흰색','285',100,14),(405,'흰색','285',100,15),(406,'흰색','285',100,16),(407,'흰색','285',100,17),(408,'흰색','285',100,18),(409,'흰색','285',100,19),(410,'흰색','285',100,20),(411,'흰색','285',100,21),(412,'흰색','285',100,22),(413,'흰색','285',100,23),(414,'흰색','285',100,24),(415,'흰색','285',100,25),(416,'흰색','285',100,26),(417,'흰색','285',100,27),(418,'흰색','285',100,28),(419,'흰색','285',100,29),(420,'흰색','285',100,30),(421,'흰색','290',100,1),(422,'흰색','290',100,2),(423,'흰색','290',100,3),(424,'흰색','290',100,4),(425,'흰색','290',100,5),(426,'흰색','290',100,6),(427,'흰색','290',100,7),(428,'흰색','290',100,8),(429,'흰색','290',100,9),(430,'흰색','290',100,10),(431,'흰색','290',100,11),(432,'흰색','290',100,12),(433,'흰색','290',100,13),(434,'흰색','290',100,14),(435,'흰색','290',100,15),(436,'흰색','290',100,16),(437,'흰색','290',100,17),(438,'흰색','290',100,18),(439,'흰색','290',100,19),(440,'흰색','290',100,20),(441,'흰색','290',100,21),(442,'흰색','290',100,22),(443,'흰색','290',100,23),(444,'흰색','290',100,24),(445,'흰색','290',100,25),(446,'흰색','290',100,26),(447,'흰색','290',100,27),(448,'흰색','290',100,28),(449,'흰색','290',100,29),(450,'흰색','290',100,30),(451,'흰색','295',100,1),(452,'흰색','295',100,2),(453,'흰색','295',100,3),(454,'흰색','295',100,4),(455,'흰색','295',100,5),(456,'흰색','295',100,6),(457,'흰색','295',100,7),(458,'흰색','295',100,8),(459,'흰색','295',100,9),(460,'흰색','295',100,10),(461,'흰색','295',100,11),(462,'흰색','295',100,12),(463,'흰색','295',100,13),(464,'흰색','295',100,14),(465,'흰색','295',100,15),(466,'흰색','295',100,16),(467,'흰색','295',100,17),(468,'흰색','295',100,18),(469,'흰색','295',100,19),(470,'흰색','295',100,20),(471,'흰색','295',100,21),(472,'흰색','295',100,22),(473,'흰색','295',100,23),(474,'흰색','295',100,24),(475,'흰색','295',100,25),(476,'흰색','295',100,26),(477,'흰색','295',100,27),(478,'흰색','295',100,28),(479,'흰색','295',100,29),(480,'흰색','295',100,30),(481,'흰색','300',100,1),(482,'흰색','300',100,2),(483,'흰색','300',100,3),(484,'흰색','300',95,4),(485,'흰색','300',100,5),(486,'흰색','300',100,6),(487,'흰색','300',100,7),(488,'흰색','300',100,8),(489,'흰색','300',100,9),(490,'흰색','300',100,10),(491,'흰색','300',100,11),(492,'흰색','300',100,12),(493,'흰색','300',100,13),(494,'흰색','300',100,14),(495,'흰색','300',100,15),(496,'흰색','300',100,16),(497,'흰색','300',100,17),(498,'흰색','300',100,18),(499,'흰색','300',100,19),(500,'흰색','300',100,20),(501,'흰색','300',100,21),(502,'흰색','300',100,22),(503,'흰색','300',100,23),(504,'흰색','300',100,24),(505,'흰색','300',100,25),(506,'흰색','300',100,26),(507,'흰색','300',100,27),(508,'흰색','300',100,28),(509,'흰색','300',97,29),(510,'흰색','300',100,30),(511,'흰색','305',100,1),(512,'흰색','305',100,2),(513,'흰색','305',100,3),(514,'흰색','305',100,4),(515,'흰색','305',100,5),(516,'흰색','305',100,6),(517,'흰색','305',100,7),(518,'흰색','305',100,8),(519,'흰색','305',100,9),(520,'흰색','305',100,10),(521,'흰색','305',100,11),(522,'흰색','305',100,12),(523,'흰색','305',100,13),(524,'흰색','305',100,14),(525,'흰색','305',100,15),(526,'흰색','305',100,16),(527,'흰색','305',100,17),(528,'흰색','305',100,18),(529,'흰색','305',100,19),(530,'흰색','305',100,20),(531,'흰색','305',100,21),(532,'흰색','305',100,22),(533,'흰색','305',100,23),(534,'흰색','305',100,24),(535,'흰색','305',100,25),(536,'흰색','305',100,26),(537,'흰색','305',100,27),(538,'흰색','305',100,28),(539,'흰색','305',100,29),(540,'흰색','305',100,30),(541,'흰색','310',100,1),(542,'흰색','310',100,2),(543,'흰색','310',100,3),(544,'흰색','310',100,4),(545,'흰색','310',100,5),(546,'흰색','310',100,6),(547,'흰색','310',100,7),(548,'흰색','310',100,8),(549,'흰색','310',100,9),(550,'흰색','310',100,10),(551,'흰색','310',100,11),(552,'흰색','310',100,12),(553,'흰색','310',100,13),(554,'흰색','310',100,14),(555,'흰색','310',100,15),(556,'흰색','310',100,16),(557,'흰색','310',100,17),(558,'흰색','310',100,18),(559,'흰색','310',100,19),(560,'흰색','310',100,20),(561,'흰색','310',100,21),(562,'흰색','310',100,22),(563,'흰색','310',100,23),(564,'흰색','310',100,24),(565,'흰색','310',100,25),(566,'흰색','310',100,26),(567,'흰색','310',100,27),(568,'흰색','310',100,28),(569,'흰색','310',100,29),(570,'흰색','310',100,30),(571,'회색','220',100,1),(572,'회색','220',100,2),(573,'회색','220',100,3),(574,'회색','220',100,4),(575,'회색','220',100,5),(576,'회색','220',100,6),(577,'회색','220',100,7),(578,'회색','220',100,8),(579,'회색','220',100,9),(580,'회색','220',100,10),(581,'회색','220',100,11),(582,'회색','220',100,12),(583,'회색','220',100,13),(584,'회색','220',100,14),(585,'회색','220',100,15),(586,'회색','220',100,16),(587,'회색','220',100,17),(588,'회색','220',100,18),(589,'회색','220',100,19),(590,'회색','220',100,20),(591,'회색','220',100,21),(592,'회색','220',100,22),(593,'회색','220',100,23),(594,'회색','220',100,24),(595,'회색','220',100,25),(596,'회색','220',100,26),(597,'회색','220',100,27),(598,'회색','220',100,28),(599,'회색','220',100,29),(600,'회색','220',100,30),(601,'회색','225',100,1),(602,'회색','225',100,2),(603,'회색','225',100,3),(604,'회색','225',100,4),(605,'회색','225',100,5),(606,'회색','225',100,6),(607,'회색','225',100,7),(608,'회색','225',100,8),(609,'회색','225',100,9),(610,'회색','225',100,10),(611,'회색','225',100,11),(612,'회색','225',100,12),(613,'회색','225',100,13),(614,'회색','225',100,14),(615,'회색','225',100,15),(616,'회색','225',100,16),(617,'회색','225',100,17),(618,'회색','225',100,18),(619,'회색','225',100,19),(620,'회색','225',100,20),(621,'회색','225',100,21),(622,'회색','225',100,22),(623,'회색','225',100,23),(624,'회색','225',100,24),(625,'회색','225',100,25),(626,'회색','225',100,26),(627,'회색','225',100,27),(628,'회색','225',100,28),(629,'회색','225',100,29),(630,'회색','225',100,30),(631,'회색','230',100,1),(632,'회색','230',100,2),(633,'회색','230',100,3),(634,'회색','230',100,4),(635,'회색','230',100,5),(636,'회색','230',100,6),(637,'회색','230',100,7),(638,'회색','230',100,8),(639,'회색','230',100,9),(640,'회색','230',100,10),(641,'회색','230',100,11),(642,'회색','230',100,12),(643,'회색','230',100,13),(644,'회색','230',100,14),(645,'회색','230',100,15),(646,'회색','230',100,16),(647,'회색','230',100,17),(648,'회색','230',100,18),(649,'회색','230',100,19),(650,'회색','230',100,20),(651,'회색','230',100,21),(652,'회색','230',100,22),(653,'회색','230',100,23),(654,'회색','230',100,24),(655,'회색','230',100,25),(656,'회색','230',100,26),(657,'회색','230',100,27),(658,'회색','230',100,28),(659,'회색','230',100,29),(660,'회색','230',100,30),(661,'회색','235',100,1),(662,'회색','235',100,2),(663,'회색','235',100,3),(664,'회색','235',100,4),(665,'회색','235',100,5),(666,'회색','235',100,6),(667,'회색','235',100,7),(668,'회색','235',100,8),(669,'회색','235',100,9),(670,'회색','235',100,10),(671,'회색','235',100,11),(672,'회색','235',100,12),(673,'회색','235',100,13),(674,'회색','235',100,14),(675,'회색','235',100,15),(676,'회색','235',100,16),(677,'회색','235',100,17),(678,'회색','235',100,18),(679,'회색','235',100,19),(680,'회색','235',100,20),(681,'회색','235',100,21),(682,'회색','235',100,22),(683,'회색','235',100,23),(684,'회색','235',100,24),(685,'회색','235',100,25),(686,'회색','235',100,26),(687,'회색','235',100,27),(688,'회색','235',100,28),(689,'회색','235',100,29),(690,'회색','235',100,30),(691,'회색','240',100,1),(692,'회색','240',100,2),(693,'회색','240',100,3),(694,'회색','240',100,4),(695,'회색','240',100,5),(696,'회색','240',100,6),(697,'회색','240',100,7),(698,'회색','240',100,8),(699,'회색','240',100,9),(700,'회색','240',100,10),(701,'회색','240',100,11),(702,'회색','240',100,12),(703,'회색','240',100,13),(704,'회색','240',100,14),(705,'회색','240',100,15),(706,'회색','240',100,16),(707,'회색','240',100,17),(708,'회색','240',100,18),(709,'회색','240',100,19),(710,'회색','240',100,20),(711,'회색','240',100,21),(712,'회색','240',100,22),(713,'회색','240',100,23),(714,'회색','240',100,24),(715,'회색','240',100,25),(716,'회색','240',100,26),(717,'회색','240',100,27),(718,'회색','240',100,28),(719,'회색','240',100,29),(720,'회색','240',100,30),(721,'회색','245',100,1),(722,'회색','245',100,2),(723,'회색','245',100,3),(724,'회색','245',100,4),(725,'회색','245',100,5),(726,'회색','245',100,6),(727,'회색','245',100,7),(728,'회색','245',100,8),(729,'회색','245',100,9),(730,'회색','245',100,10),(731,'회색','245',100,11),(732,'회색','245',100,12),(733,'회색','245',100,13),(734,'회색','245',100,14),(735,'회색','245',100,15),(736,'회색','245',100,16),(737,'회색','245',100,17),(738,'회색','245',100,18),(739,'회색','245',100,19),(740,'회색','245',100,20),(741,'회색','245',100,21),(742,'회색','245',100,22),(743,'회색','245',100,23),(744,'회색','245',100,24),(745,'회색','245',100,25),(746,'회색','245',100,26),(747,'회색','245',100,27),(748,'회색','245',100,28),(749,'회색','245',100,29),(750,'회색','245',100,30),(751,'회색','250',100,1),(752,'회색','250',100,2),(753,'회색','250',100,3),(754,'회색','250',100,4),(755,'회색','250',100,5),(756,'회색','250',100,6),(757,'회색','250',100,7),(758,'회색','250',100,8),(759,'회색','250',100,9),(760,'회색','250',100,10),(761,'회색','250',100,11),(762,'회색','250',100,12),(763,'회색','250',100,13),(764,'회색','250',100,14),(765,'회색','250',100,15),(766,'회색','250',100,16),(767,'회색','250',100,17),(768,'회색','250',100,18),(769,'회색','250',100,19),(770,'회색','250',100,20),(771,'회색','250',100,21),(772,'회색','250',100,22),(773,'회색','250',100,23),(774,'회색','250',100,24),(775,'회색','250',100,25),(776,'회색','250',100,26),(777,'회색','250',100,27),(778,'회색','250',100,28),(779,'회색','250',100,29),(780,'회색','250',100,30),(781,'회색','255',100,1),(782,'회색','255',100,2),(783,'회색','255',100,3),(784,'회색','255',100,4),(785,'회색','255',100,5),(786,'회색','255',100,6),(787,'회색','255',100,7),(788,'회색','255',100,8),(789,'회색','255',100,9),(790,'회색','255',100,10),(791,'회색','255',100,11),(792,'회색','255',100,12),(793,'회색','255',100,13),(794,'회색','255',100,14),(795,'회색','255',100,15),(796,'회색','255',100,16),(797,'회색','255',100,17),(798,'회색','255',100,18),(799,'회색','255',100,19),(800,'회색','255',100,20),(801,'회색','255',100,21),(802,'회색','255',100,22),(803,'회색','255',100,23),(804,'회색','255',100,24),(805,'회색','255',100,25),(806,'회색','255',100,26),(807,'회색','255',100,27),(808,'회색','255',100,28),(809,'회색','255',100,29),(810,'회색','255',100,30),(811,'회색','260',100,1),(812,'회색','260',100,2),(813,'회색','260',100,3),(814,'회색','260',100,4),(815,'회색','260',100,5),(816,'회색','260',100,6),(817,'회색','260',100,7),(818,'회색','260',100,8),(819,'회색','260',100,9),(820,'회색','260',100,10),(821,'회색','260',100,11),(822,'회색','260',100,12),(823,'회색','260',100,13),(824,'회색','260',100,14),(825,'회색','260',100,15),(826,'회색','260',100,16),(827,'회색','260',100,17),(828,'회색','260',100,18),(829,'회색','260',100,19),(830,'회색','260',100,20),(831,'회색','260',100,21),(832,'회색','260',100,22),(833,'회색','260',100,23),(834,'회색','260',100,24),(835,'회색','260',100,25),(836,'회색','260',100,26),(837,'회색','260',100,27),(838,'회색','260',100,28),(839,'회색','260',100,29),(840,'회색','260',100,30),(841,'회색','265',100,1),(842,'회색','265',100,2),(843,'회색','265',100,3),(844,'회색','265',100,4),(845,'회색','265',100,5),(846,'회색','265',100,6),(847,'회색','265',100,7),(848,'회색','265',100,8),(849,'회색','265',100,9),(850,'회색','265',100,10),(851,'회색','265',100,11),(852,'회색','265',100,12),(853,'회색','265',100,13),(854,'회색','265',100,14),(855,'회색','265',100,15),(856,'회색','265',100,16),(857,'회색','265',100,17),(858,'회색','265',100,18),(859,'회색','265',100,19),(860,'회색','265',100,20),(861,'회색','265',100,21),(862,'회색','265',100,22),(863,'회색','265',100,23),(864,'회색','265',100,24),(865,'회색','265',100,25),(866,'회색','265',100,26),(867,'회색','265',100,27),(868,'회색','265',100,28),(869,'회색','265',100,29),(870,'회색','265',100,30),(871,'회색','270',100,1),(872,'회색','270',100,2),(873,'회색','270',100,3),(874,'회색','270',100,4),(875,'회색','270',100,5),(876,'회색','270',100,6),(877,'회색','270',100,7),(878,'회색','270',100,8),(879,'회색','270',100,9),(880,'회색','270',100,10),(881,'회색','270',100,11),(882,'회색','270',100,12),(883,'회색','270',100,13),(884,'회색','270',100,14),(885,'회색','270',100,15),(886,'회색','270',100,16),(887,'회색','270',100,17),(888,'회색','270',100,18),(889,'회색','270',100,19),(890,'회색','270',100,20),(891,'회색','270',100,21),(892,'회색','270',100,22),(893,'회색','270',100,23),(894,'회색','270',100,24),(895,'회색','270',100,25),(896,'회색','270',100,26),(897,'회색','270',100,27),(898,'회색','270',100,28),(899,'회색','270',100,29),(900,'회색','270',100,30),(901,'회색','275',100,1),(902,'회색','275',100,2),(903,'회색','275',100,3),(904,'회색','275',100,4),(905,'회색','275',100,5),(906,'회색','275',100,6),(907,'회색','275',100,7),(908,'회색','275',100,8),(909,'회색','275',100,9),(910,'회색','275',100,10),(911,'회색','275',100,11),(912,'회색','275',100,12),(913,'회색','275',100,13),(914,'회색','275',100,14),(915,'회색','275',100,15),(916,'회색','275',100,16),(917,'회색','275',100,17),(918,'회색','275',100,18),(919,'회색','275',100,19),(920,'회색','275',100,20),(921,'회색','275',100,21),(922,'회색','275',100,22),(923,'회색','275',100,23),(924,'회색','275',100,24),(925,'회색','275',100,25),(926,'회색','275',100,26),(927,'회색','275',100,27),(928,'회색','275',100,28),(929,'회색','275',100,29),(930,'회색','275',100,30),(931,'회색','280',100,1),(932,'회색','280',100,2),(933,'회색','280',100,3),(934,'회색','280',100,4),(935,'회색','280',100,5),(936,'회색','280',100,6),(937,'회색','280',100,7),(938,'회색','280',100,8),(939,'회색','280',100,9),(940,'회색','280',100,10),(941,'회색','280',100,11),(942,'회색','280',100,12),(943,'회색','280',100,13),(944,'회색','280',100,14),(945,'회색','280',100,15),(946,'회색','280',100,16),(947,'회색','280',100,17),(948,'회색','280',100,18),(949,'회색','280',100,19),(950,'회색','280',100,20),(951,'회색','280',100,21),(952,'회색','280',100,22),(953,'회색','280',100,23),(954,'회색','280',100,24),(955,'회색','280',100,25),(956,'회색','280',100,26),(957,'회색','280',100,27),(958,'회색','280',100,28),(959,'회색','280',100,29),(960,'회색','280',100,30),(961,'회색','285',100,1),(962,'회색','285',100,2),(963,'회색','285',100,3),(964,'회색','285',100,4),(965,'회색','285',100,5),(966,'회색','285',100,6),(967,'회색','285',100,7),(968,'회색','285',100,8),(969,'회색','285',100,9),(970,'회색','285',100,10),(971,'회색','285',100,11),(972,'회색','285',100,12),(973,'회색','285',100,13),(974,'회색','285',100,14),(975,'회색','285',100,15),(976,'회색','285',100,16),(977,'회색','285',100,17),(978,'회색','285',100,18),(979,'회색','285',100,19),(980,'회색','285',100,20),(981,'회색','285',100,21),(982,'회색','285',100,22),(983,'회색','285',100,23),(984,'회색','285',100,24),(985,'회색','285',100,25),(986,'회색','285',100,26),(987,'회색','285',100,27),(988,'회색','285',100,28),(989,'회색','285',100,29),(990,'회색','285',100,30),(991,'회색','290',100,1),(992,'회색','290',100,2),(993,'회색','290',100,3),(994,'회색','290',100,4),(995,'회색','290',100,5),(996,'회색','290',100,6),(997,'회색','290',100,7),(998,'회색','290',100,8),(999,'회색','290',100,9),(1000,'회색','290',100,10),(1001,'회색','290',100,11),(1002,'회색','290',100,12),(1003,'회색','290',100,13),(1004,'회색','290',100,14),(1005,'회색','290',100,15),(1006,'회색','290',100,16),(1007,'회색','290',100,17),(1008,'회색','290',100,18),(1009,'회색','290',100,19),(1010,'회색','290',100,20),(1011,'회색','290',100,21),(1012,'회색','290',100,22),(1013,'회색','290',100,23),(1014,'회색','290',100,24),(1015,'회색','290',100,25),(1016,'회색','290',100,26),(1017,'회색','290',100,27),(1018,'회색','290',100,28),(1019,'회색','290',100,29),(1020,'회색','290',100,30),(1021,'회색','295',100,1),(1022,'회색','295',100,2),(1023,'회색','295',100,3),(1024,'회색','295',100,4),(1025,'회색','295',100,5),(1026,'회색','295',100,6),(1027,'회색','295',100,7),(1028,'회색','295',100,8),(1029,'회색','295',100,9),(1030,'회색','295',100,10),(1031,'회색','295',100,11),(1032,'회색','295',100,12),(1033,'회색','295',100,13),(1034,'회색','295',100,14),(1035,'회색','295',100,15),(1036,'회색','295',100,16),(1037,'회색','295',100,17),(1038,'회색','295',100,18),(1039,'회색','295',100,19),(1040,'회색','295',100,20),(1041,'회색','295',100,21),(1042,'회색','295',100,22),(1043,'회색','295',100,23),(1044,'회색','295',100,24),(1045,'회색','295',100,25),(1046,'회색','295',100,26),(1047,'회색','295',100,27),(1048,'회색','295',100,28),(1049,'회색','295',100,29),(1050,'회색','295',100,30),(1051,'회색','300',100,1),(1052,'회색','300',100,2),(1053,'회색','300',100,3),(1054,'회색','300',100,4),(1055,'회색','300',100,5),(1056,'회색','300',100,6),(1057,'회색','300',100,7),(1058,'회색','300',100,8),(1059,'회색','300',100,9),(1060,'회색','300',100,10),(1061,'회색','300',100,11),(1062,'회색','300',100,12),(1063,'회색','300',100,13),(1064,'회색','300',100,14),(1065,'회색','300',100,15),(1066,'회색','300',100,16),(1067,'회색','300',100,17),(1068,'회색','300',100,18),(1069,'회색','300',100,19),(1070,'회색','300',100,20),(1071,'회색','300',100,21),(1072,'회색','300',100,22),(1073,'회색','300',100,23),(1074,'회색','300',100,24),(1075,'회색','300',100,25),(1076,'회색','300',100,26),(1077,'회색','300',100,27),(1078,'회색','300',100,28),(1079,'회색','300',100,29),(1080,'회색','300',100,30),(1081,'회색','305',100,1),(1082,'회색','305',100,2),(1083,'회색','305',100,3),(1084,'회색','305',100,4),(1085,'회색','305',100,5),(1086,'회색','305',100,6),(1087,'회색','305',100,7),(1088,'회색','305',100,8),(1089,'회색','305',100,9),(1090,'회색','305',100,10),(1091,'회색','305',100,11),(1092,'회색','305',100,12),(1093,'회색','305',100,13),(1094,'회색','305',100,14),(1095,'회색','305',100,15),(1096,'회색','305',100,16),(1097,'회색','305',100,17),(1098,'회색','305',100,18),(1099,'회색','305',100,19),(1100,'회색','305',100,20),(1101,'회색','305',100,21),(1102,'회색','305',100,22),(1103,'회색','305',100,23),(1104,'회색','305',100,24),(1105,'회색','305',100,25),(1106,'회색','305',100,26),(1107,'회색','305',100,27),(1108,'회색','305',100,28),(1109,'회색','305',100,29),(1110,'회색','305',100,30),(1111,'회색','310',100,1),(1112,'회색','310',100,2),(1113,'회색','310',100,3),(1114,'회색','310',100,4),(1115,'회색','310',100,5),(1116,'회색','310',100,6),(1117,'회색','310',100,7),(1118,'회색','310',100,8),(1119,'회색','310',100,9),(1120,'회색','310',100,10),(1121,'회색','310',100,11),(1122,'회색','310',100,12),(1123,'회색','310',100,13),(1124,'회색','310',100,14),(1125,'회색','310',100,15),(1126,'회색','310',100,16),(1127,'회색','310',100,17),(1128,'회색','310',100,18),(1129,'회색','310',100,19),(1130,'회색','310',100,20),(1131,'회색','310',100,21),(1132,'회색','310',100,22),(1133,'회색','310',100,23),(1134,'회색','310',100,24),(1135,'회색','310',100,25),(1136,'회색','310',100,26),(1137,'회색','310',100,27),(1138,'회색','310',100,28),(1139,'회색','310',100,29),(1140,'회색','310',100,30),(1141,'빨간색','220',100,1),(1142,'빨간색','220',100,2),(1143,'빨간색','220',100,3),(1144,'빨간색','220',100,4),(1145,'빨간색','220',100,5),(1146,'빨간색','220',100,6),(1147,'빨간색','220',100,7),(1148,'빨간색','220',100,8),(1149,'빨간색','220',100,9),(1150,'빨간색','220',100,10),(1151,'빨간색','220',100,11),(1152,'빨간색','220',100,12),(1153,'빨간색','220',100,13),(1154,'빨간색','220',100,14),(1155,'빨간색','220',100,15),(1156,'빨간색','220',100,16),(1157,'빨간색','220',100,17),(1158,'빨간색','220',100,18),(1159,'빨간색','220',100,19),(1160,'빨간색','220',100,20),(1161,'빨간색','220',100,21),(1162,'빨간색','220',100,22),(1163,'빨간색','220',100,23),(1164,'빨간색','220',100,24),(1165,'빨간색','220',100,25),(1166,'빨간색','220',100,26),(1167,'빨간색','220',100,27),(1168,'빨간색','220',100,28),(1169,'빨간색','220',100,29),(1170,'빨간색','220',100,30),(1171,'빨간색','225',100,1),(1172,'빨간색','225',100,2),(1173,'빨간색','225',100,3),(1174,'빨간색','225',100,4),(1175,'빨간색','225',100,5),(1176,'빨간색','225',100,6),(1177,'빨간색','225',100,7),(1178,'빨간색','225',100,8),(1179,'빨간색','225',100,9),(1180,'빨간색','225',100,10),(1181,'빨간색','225',100,11),(1182,'빨간색','225',100,12),(1183,'빨간색','225',100,13),(1184,'빨간색','225',100,14),(1185,'빨간색','225',100,15),(1186,'빨간색','225',100,16),(1187,'빨간색','225',100,17),(1188,'빨간색','225',100,18),(1189,'빨간색','225',100,19),(1190,'빨간색','225',100,20),(1191,'빨간색','225',100,21),(1192,'빨간색','225',100,22),(1193,'빨간색','225',100,23),(1194,'빨간색','225',100,24),(1195,'빨간색','225',100,25),(1196,'빨간색','225',100,26),(1197,'빨간색','225',100,27),(1198,'빨간색','225',100,28),(1199,'빨간색','225',100,29),(1200,'빨간색','225',100,30),(1201,'빨간색','230',100,1),(1202,'빨간색','230',100,2),(1203,'빨간색','230',100,3),(1204,'빨간색','230',100,4),(1205,'빨간색','230',100,5),(1206,'빨간색','230',100,6),(1207,'빨간색','230',100,7),(1208,'빨간색','230',100,8),(1209,'빨간색','230',100,9),(1210,'빨간색','230',100,10),(1211,'빨간색','230',100,11),(1212,'빨간색','230',100,12),(1213,'빨간색','230',100,13),(1214,'빨간색','230',100,14),(1215,'빨간색','230',100,15),(1216,'빨간색','230',100,16),(1217,'빨간색','230',100,17),(1218,'빨간색','230',100,18),(1219,'빨간색','230',100,19),(1220,'빨간색','230',100,20),(1221,'빨간색','230',100,21),(1222,'빨간색','230',100,22),(1223,'빨간색','230',100,23),(1224,'빨간색','230',100,24),(1225,'빨간색','230',100,25),(1226,'빨간색','230',100,26),(1227,'빨간색','230',100,27),(1228,'빨간색','230',100,28),(1229,'빨간색','230',100,29),(1230,'빨간색','230',100,30),(1231,'빨간색','235',100,1),(1232,'빨간색','235',100,2),(1233,'빨간색','235',100,3),(1234,'빨간색','235',100,4),(1235,'빨간색','235',100,5),(1236,'빨간색','235',100,6),(1237,'빨간색','235',100,7),(1238,'빨간색','235',100,8),(1239,'빨간색','235',100,9),(1240,'빨간색','235',100,10),(1241,'빨간색','235',100,11),(1242,'빨간색','235',100,12),(1243,'빨간색','235',100,13),(1244,'빨간색','235',100,14),(1245,'빨간색','235',100,15),(1246,'빨간색','235',100,16),(1247,'빨간색','235',100,17),(1248,'빨간색','235',100,18),(1249,'빨간색','235',100,19),(1250,'빨간색','235',100,20),(1251,'빨간색','235',100,21),(1252,'빨간색','235',100,22),(1253,'빨간색','235',100,23),(1254,'빨간색','235',100,24),(1255,'빨간색','235',100,25),(1256,'빨간색','235',100,26),(1257,'빨간색','235',100,27),(1258,'빨간색','235',100,28),(1259,'빨간색','235',100,29),(1260,'빨간색','235',100,30),(1261,'빨간색','240',100,1),(1262,'빨간색','240',100,2),(1263,'빨간색','240',100,3),(1264,'빨간색','240',100,4),(1265,'빨간색','240',100,5),(1266,'빨간색','240',100,6),(1267,'빨간색','240',100,7),(1268,'빨간색','240',100,8),(1269,'빨간색','240',100,9),(1270,'빨간색','240',100,10),(1271,'빨간색','240',100,11),(1272,'빨간색','240',100,12),(1273,'빨간색','240',100,13),(1274,'빨간색','240',100,14),(1275,'빨간색','240',100,15),(1276,'빨간색','240',100,16),(1277,'빨간색','240',100,17),(1278,'빨간색','240',100,18),(1279,'빨간색','240',100,19),(1280,'빨간색','240',100,20),(1281,'빨간색','240',100,21),(1282,'빨간색','240',100,22),(1283,'빨간색','240',100,23),(1284,'빨간색','240',100,24),(1285,'빨간색','240',100,25),(1286,'빨간색','240',100,26),(1287,'빨간색','240',100,27),(1288,'빨간색','240',100,28),(1289,'빨간색','240',100,29),(1290,'빨간색','240',100,30),(1291,'빨간색','245',100,1),(1292,'빨간색','245',100,2),(1293,'빨간색','245',100,3),(1294,'빨간색','245',100,4),(1295,'빨간색','245',100,5),(1296,'빨간색','245',100,6),(1297,'빨간색','245',100,7),(1298,'빨간색','245',100,8),(1299,'빨간색','245',100,9),(1300,'빨간색','245',100,10),(1301,'빨간색','245',100,11),(1302,'빨간색','245',100,12),(1303,'빨간색','245',100,13),(1304,'빨간색','245',100,14),(1305,'빨간색','245',100,15),(1306,'빨간색','245',100,16),(1307,'빨간색','245',100,17),(1308,'빨간색','245',100,18),(1309,'빨간색','245',100,19),(1310,'빨간색','245',100,20),(1311,'빨간색','245',100,21),(1312,'빨간색','245',100,22),(1313,'빨간색','245',100,23),(1314,'빨간색','245',100,24),(1315,'빨간색','245',100,25),(1316,'빨간색','245',100,26),(1317,'빨간색','245',100,27),(1318,'빨간색','245',100,28),(1319,'빨간색','245',100,29),(1320,'빨간색','245',100,30),(1321,'빨간색','250',100,1),(1322,'빨간색','250',100,2),(1323,'빨간색','250',100,3),(1324,'빨간색','250',100,4),(1325,'빨간색','250',100,5),(1326,'빨간색','250',100,6),(1327,'빨간색','250',100,7),(1328,'빨간색','250',100,8),(1329,'빨간색','250',100,9),(1330,'빨간색','250',100,10),(1331,'빨간색','250',100,11),(1332,'빨간색','250',100,12),(1333,'빨간색','250',100,13),(1334,'빨간색','250',100,14),(1335,'빨간색','250',100,15),(1336,'빨간색','250',100,16),(1337,'빨간색','250',100,17),(1338,'빨간색','250',100,18),(1339,'빨간색','250',100,19),(1340,'빨간색','250',100,20),(1341,'빨간색','250',100,21),(1342,'빨간색','250',100,22),(1343,'빨간색','250',100,23),(1344,'빨간색','250',100,24),(1345,'빨간색','250',100,25),(1346,'빨간색','250',100,26),(1347,'빨간색','250',100,27),(1348,'빨간색','250',100,28),(1349,'빨간색','250',100,29),(1350,'빨간색','250',100,30),(1351,'빨간색','255',100,1),(1352,'빨간색','255',100,2),(1353,'빨간색','255',100,3),(1354,'빨간색','255',100,4),(1355,'빨간색','255',100,5),(1356,'빨간색','255',100,6),(1357,'빨간색','255',100,7),(1358,'빨간색','255',100,8),(1359,'빨간색','255',100,9),(1360,'빨간색','255',100,10),(1361,'빨간색','255',100,11),(1362,'빨간색','255',100,12),(1363,'빨간색','255',100,13),(1364,'빨간색','255',100,14),(1365,'빨간색','255',100,15),(1366,'빨간색','255',100,16),(1367,'빨간색','255',100,17),(1368,'빨간색','255',100,18),(1369,'빨간색','255',100,19),(1370,'빨간색','255',100,20),(1371,'빨간색','255',100,21),(1372,'빨간색','255',100,22),(1373,'빨간색','255',100,23),(1374,'빨간색','255',100,24),(1375,'빨간색','255',100,25),(1376,'빨간색','255',100,26),(1377,'빨간색','255',100,27),(1378,'빨간색','255',100,28),(1379,'빨간색','255',100,29),(1380,'빨간색','255',100,30),(1381,'빨간색','260',100,1),(1382,'빨간색','260',100,2),(1383,'빨간색','260',100,3),(1384,'빨간색','260',100,4),(1385,'빨간색','260',100,5),(1386,'빨간색','260',100,6),(1387,'빨간색','260',100,7),(1388,'빨간색','260',100,8),(1389,'빨간색','260',100,9),(1390,'빨간색','260',100,10),(1391,'빨간색','260',100,11),(1392,'빨간색','260',100,12),(1393,'빨간색','260',100,13),(1394,'빨간색','260',100,14),(1395,'빨간색','260',100,15),(1396,'빨간색','260',100,16),(1397,'빨간색','260',100,17),(1398,'빨간색','260',100,18),(1399,'빨간색','260',100,19),(1400,'빨간색','260',100,20),(1401,'빨간색','260',100,21),(1402,'빨간색','260',100,22),(1403,'빨간색','260',100,23),(1404,'빨간색','260',100,24),(1405,'빨간색','260',100,25),(1406,'빨간색','260',100,26),(1407,'빨간색','260',100,27),(1408,'빨간색','260',100,28),(1409,'빨간색','260',100,29),(1410,'빨간색','260',100,30),(1411,'빨간색','265',100,1),(1412,'빨간색','265',100,2),(1413,'빨간색','265',100,3),(1414,'빨간색','265',100,4),(1415,'빨간색','265',100,5),(1416,'빨간색','265',100,6),(1417,'빨간색','265',100,7),(1418,'빨간색','265',100,8),(1419,'빨간색','265',100,9),(1420,'빨간색','265',100,10),(1421,'빨간색','265',100,11),(1422,'빨간색','265',100,12),(1423,'빨간색','265',100,13),(1424,'빨간색','265',100,14),(1425,'빨간색','265',100,15),(1426,'빨간색','265',100,16),(1427,'빨간색','265',100,17),(1428,'빨간색','265',100,18),(1429,'빨간색','265',100,19),(1430,'빨간색','265',100,20),(1431,'빨간색','265',100,21),(1432,'빨간색','265',100,22),(1433,'빨간색','265',100,23),(1434,'빨간색','265',100,24),(1435,'빨간색','265',100,25),(1436,'빨간색','265',100,26),(1437,'빨간색','265',100,27),(1438,'빨간색','265',100,28),(1439,'빨간색','265',100,29),(1440,'빨간색','265',100,30),(1441,'빨간색','270',100,1),(1442,'빨간색','270',100,2),(1443,'빨간색','270',100,3),(1444,'빨간색','270',100,4),(1445,'빨간색','270',100,5),(1446,'빨간색','270',100,6),(1447,'빨간색','270',100,7),(1448,'빨간색','270',100,8),(1449,'빨간색','270',100,9),(1450,'빨간색','270',100,10),(1451,'빨간색','270',100,11),(1452,'빨간색','270',100,12),(1453,'빨간색','270',100,13),(1454,'빨간색','270',100,14),(1455,'빨간색','270',100,15),(1456,'빨간색','270',100,16),(1457,'빨간색','270',100,17),(1458,'빨간색','270',100,18),(1459,'빨간색','270',100,19),(1460,'빨간색','270',100,20),(1461,'빨간색','270',100,21),(1462,'빨간색','270',100,22),(1463,'빨간색','270',100,23),(1464,'빨간색','270',100,24),(1465,'빨간색','270',100,25),(1466,'빨간색','270',100,26),(1467,'빨간색','270',100,27),(1468,'빨간색','270',100,28),(1469,'빨간색','270',100,29),(1470,'빨간색','270',100,30),(1471,'빨간색','275',100,1),(1472,'빨간색','275',100,2),(1473,'빨간색','275',100,3),(1474,'빨간색','275',100,4),(1475,'빨간색','275',100,5),(1476,'빨간색','275',100,6),(1477,'빨간색','275',100,7),(1478,'빨간색','275',100,8),(1479,'빨간색','275',100,9),(1480,'빨간색','275',100,10),(1481,'빨간색','275',100,11),(1482,'빨간색','275',100,12),(1483,'빨간색','275',100,13),(1484,'빨간색','275',100,14),(1485,'빨간색','275',100,15),(1486,'빨간색','275',100,16),(1487,'빨간색','275',100,17),(1488,'빨간색','275',100,18),(1489,'빨간색','275',100,19),(1490,'빨간색','275',100,20),(1491,'빨간색','275',100,21),(1492,'빨간색','275',100,22),(1493,'빨간색','275',100,23),(1494,'빨간색','275',100,24),(1495,'빨간색','275',100,25),(1496,'빨간색','275',100,26),(1497,'빨간색','275',100,27),(1498,'빨간색','275',100,28),(1499,'빨간색','275',100,29),(1500,'빨간색','275',100,30),(1501,'빨간색','280',100,1),(1502,'빨간색','280',100,2),(1503,'빨간색','280',100,3),(1504,'빨간색','280',100,4),(1505,'빨간색','280',100,5),(1506,'빨간색','280',100,6),(1507,'빨간색','280',100,7),(1508,'빨간색','280',100,8),(1509,'빨간색','280',100,9),(1510,'빨간색','280',100,10),(1511,'빨간색','280',100,11),(1512,'빨간색','280',100,12),(1513,'빨간색','280',100,13),(1514,'빨간색','280',100,14),(1515,'빨간색','280',100,15),(1516,'빨간색','280',100,16),(1517,'빨간색','280',100,17),(1518,'빨간색','280',100,18),(1519,'빨간색','280',100,19),(1520,'빨간색','280',100,20),(1521,'빨간색','280',100,21),(1522,'빨간색','280',100,22),(1523,'빨간색','280',100,23),(1524,'빨간색','280',100,24),(1525,'빨간색','280',100,25),(1526,'빨간색','280',100,26),(1527,'빨간색','280',100,27),(1528,'빨간색','280',100,28),(1529,'빨간색','280',100,29),(1530,'빨간색','280',100,30),(1531,'빨간색','285',100,1),(1532,'빨간색','285',100,2),(1533,'빨간색','285',100,3),(1534,'빨간색','285',100,4),(1535,'빨간색','285',100,5),(1536,'빨간색','285',100,6),(1537,'빨간색','285',100,7),(1538,'빨간색','285',100,8),(1539,'빨간색','285',100,9),(1540,'빨간색','285',100,10),(1541,'빨간색','285',100,11),(1542,'빨간색','285',100,12),(1543,'빨간색','285',100,13),(1544,'빨간색','285',100,14),(1545,'빨간색','285',100,15),(1546,'빨간색','285',100,16),(1547,'빨간색','285',100,17),(1548,'빨간색','285',100,18),(1549,'빨간색','285',100,19),(1550,'빨간색','285',100,20),(1551,'빨간색','285',100,21),(1552,'빨간색','285',100,22),(1553,'빨간색','285',100,23),(1554,'빨간색','285',100,24),(1555,'빨간색','285',100,25),(1556,'빨간색','285',100,26),(1557,'빨간색','285',100,27),(1558,'빨간색','285',100,28),(1559,'빨간색','285',100,29),(1560,'빨간색','285',100,30),(1561,'빨간색','290',100,1),(1562,'빨간색','290',100,2),(1563,'빨간색','290',100,3),(1564,'빨간색','290',100,4),(1565,'빨간색','290',100,5),(1566,'빨간색','290',100,6),(1567,'빨간색','290',100,7),(1568,'빨간색','290',100,8),(1569,'빨간색','290',100,9),(1570,'빨간색','290',100,10),(1571,'빨간색','290',100,11),(1572,'빨간색','290',100,12),(1573,'빨간색','290',100,13),(1574,'빨간색','290',100,14),(1575,'빨간색','290',100,15),(1576,'빨간색','290',100,16),(1577,'빨간색','290',100,17),(1578,'빨간색','290',100,18),(1579,'빨간색','290',100,19),(1580,'빨간색','290',100,20),(1581,'빨간색','290',100,21),(1582,'빨간색','290',100,22),(1583,'빨간색','290',100,23),(1584,'빨간색','290',100,24),(1585,'빨간색','290',100,25),(1586,'빨간색','290',100,26),(1587,'빨간색','290',100,27),(1588,'빨간색','290',100,28),(1589,'빨간색','290',100,29),(1590,'빨간색','290',100,30),(1591,'빨간색','295',100,1),(1592,'빨간색','295',100,2),(1593,'빨간색','295',100,3),(1594,'빨간색','295',100,4),(1595,'빨간색','295',100,5),(1596,'빨간색','295',100,6),(1597,'빨간색','295',100,7),(1598,'빨간색','295',100,8),(1599,'빨간색','295',100,9),(1600,'빨간색','295',100,10),(1601,'빨간색','295',100,11),(1602,'빨간색','295',100,12),(1603,'빨간색','295',100,13),(1604,'빨간색','295',100,14),(1605,'빨간색','295',100,15),(1606,'빨간색','295',100,16),(1607,'빨간색','295',100,17),(1608,'빨간색','295',100,18),(1609,'빨간색','295',100,19),(1610,'빨간색','295',100,20),(1611,'빨간색','295',100,21),(1612,'빨간색','295',100,22),(1613,'빨간색','295',100,23),(1614,'빨간색','295',100,24),(1615,'빨간색','295',100,25),(1616,'빨간색','295',100,26),(1617,'빨간색','295',100,27),(1618,'빨간색','295',100,28),(1619,'빨간색','295',100,29),(1620,'빨간색','295',100,30),(1621,'빨간색','300',100,1),(1622,'빨간색','300',100,2),(1623,'빨간색','300',100,3),(1624,'빨간색','300',100,4),(1625,'빨간색','300',100,5),(1626,'빨간색','300',100,6),(1627,'빨간색','300',100,7),(1628,'빨간색','300',100,8),(1629,'빨간색','300',100,9),(1630,'빨간색','300',100,10),(1631,'빨간색','300',100,11),(1632,'빨간색','300',100,12),(1633,'빨간색','300',100,13),(1634,'빨간색','300',100,14),(1635,'빨간색','300',100,15),(1636,'빨간색','300',100,16),(1637,'빨간색','300',100,17),(1638,'빨간색','300',100,18),(1639,'빨간색','300',100,19),(1640,'빨간색','300',100,20),(1641,'빨간색','300',100,21),(1642,'빨간색','300',100,22),(1643,'빨간색','300',100,23),(1644,'빨간색','300',100,24),(1645,'빨간색','300',100,25),(1646,'빨간색','300',100,26),(1647,'빨간색','300',100,27),(1648,'빨간색','300',100,28),(1649,'빨간색','300',100,29),(1650,'빨간색','300',100,30),(1651,'빨간색','305',100,1),(1652,'빨간색','305',100,2),(1653,'빨간색','305',100,3),(1654,'빨간색','305',100,4),(1655,'빨간색','305',100,5),(1656,'빨간색','305',100,6),(1657,'빨간색','305',100,7),(1658,'빨간색','305',100,8),(1659,'빨간색','305',100,9),(1660,'빨간색','305',100,10),(1661,'빨간색','305',100,11),(1662,'빨간색','305',100,12),(1663,'빨간색','305',100,13),(1664,'빨간색','305',100,14),(1665,'빨간색','305',100,15),(1666,'빨간색','305',100,16),(1667,'빨간색','305',100,17),(1668,'빨간색','305',100,18),(1669,'빨간색','305',100,19),(1670,'빨간색','305',100,20),(1671,'빨간색','305',100,21),(1672,'빨간색','305',100,22),(1673,'빨간색','305',100,23),(1674,'빨간색','305',100,24),(1675,'빨간색','305',100,25),(1676,'빨간색','305',100,26),(1677,'빨간색','305',100,27),(1678,'빨간색','305',100,28),(1679,'빨간색','305',100,29),(1680,'빨간색','305',100,30),(1681,'빨간색','310',100,1),(1682,'빨간색','310',100,2),(1683,'빨간색','310',100,3),(1684,'빨간색','310',100,4),(1685,'빨간색','310',100,5),(1686,'빨간색','310',100,6),(1687,'빨간색','310',100,7),(1688,'빨간색','310',100,8),(1689,'빨간색','310',100,9),(1690,'빨간색','310',100,10),(1691,'빨간색','310',100,11),(1692,'빨간색','310',100,12),(1693,'빨간색','310',100,13),(1694,'빨간색','310',100,14),(1695,'빨간색','310',100,15),(1696,'빨간색','310',100,16),(1697,'빨간색','310',100,17),(1698,'빨간색','310',100,18),(1699,'빨간색','310',100,19),(1700,'빨간색','310',100,20),(1701,'빨간색','310',100,21),(1702,'빨간색','310',100,22),(1703,'빨간색','310',100,23),(1704,'빨간색','310',100,24),(1705,'빨간색','310',100,25),(1706,'빨간색','310',100,26),(1707,'빨간색','310',100,27),(1708,'빨간색','310',100,28),(1709,'빨간색','310',100,29),(1710,'빨간색','310',100,30),(1711,'노란색','220',100,1),(1712,'노란색','220',100,2),(1713,'노란색','220',100,3),(1714,'노란색','220',100,4),(1715,'노란색','220',100,5),(1716,'노란색','220',100,6),(1717,'노란색','220',100,7),(1718,'노란색','220',100,8),(1719,'노란색','220',100,9),(1720,'노란색','220',100,10),(1721,'노란색','220',100,11),(1722,'노란색','220',100,12),(1723,'노란색','220',100,13),(1724,'노란색','220',100,14),(1725,'노란색','220',100,15),(1726,'노란색','220',100,16),(1727,'노란색','220',100,17),(1728,'노란색','220',100,18),(1729,'노란색','220',100,19),(1730,'노란색','220',100,20),(1731,'노란색','220',100,21),(1732,'노란색','220',100,22),(1733,'노란색','220',100,23),(1734,'노란색','220',100,24),(1735,'노란색','220',100,25),(1736,'노란색','220',100,26),(1737,'노란색','220',100,27),(1738,'노란색','220',100,28),(1739,'노란색','220',100,29),(1740,'노란색','220',100,30),(1741,'노란색','225',100,1),(1742,'노란색','225',100,2),(1743,'노란색','225',100,3),(1744,'노란색','225',100,4),(1745,'노란색','225',100,5),(1746,'노란색','225',100,6),(1747,'노란색','225',100,7),(1748,'노란색','225',100,8),(1749,'노란색','225',100,9),(1750,'노란색','225',100,10),(1751,'노란색','225',100,11),(1752,'노란색','225',100,12),(1753,'노란색','225',100,13),(1754,'노란색','225',100,14),(1755,'노란색','225',100,15),(1756,'노란색','225',100,16),(1757,'노란색','225',100,17),(1758,'노란색','225',100,18),(1759,'노란색','225',100,19),(1760,'노란색','225',100,20),(1761,'노란색','225',100,21),(1762,'노란색','225',100,22),(1763,'노란색','225',100,23),(1764,'노란색','225',100,24),(1765,'노란색','225',100,25),(1766,'노란색','225',100,26),(1767,'노란색','225',100,27),(1768,'노란색','225',100,28),(1769,'노란색','225',100,29),(1770,'노란색','225',100,30),(1771,'노란색','230',100,1),(1772,'노란색','230',100,2),(1773,'노란색','230',100,3),(1774,'노란색','230',100,4),(1775,'노란색','230',100,5),(1776,'노란색','230',100,6),(1777,'노란색','230',100,7),(1778,'노란색','230',100,8),(1779,'노란색','230',100,9),(1780,'노란색','230',100,10),(1781,'노란색','230',100,11),(1782,'노란색','230',100,12),(1783,'노란색','230',100,13),(1784,'노란색','230',100,14),(1785,'노란색','230',100,15),(1786,'노란색','230',100,16),(1787,'노란색','230',100,17),(1788,'노란색','230',100,18),(1789,'노란색','230',100,19),(1790,'노란색','230',100,20),(1791,'노란색','230',100,21),(1792,'노란색','230',100,22),(1793,'노란색','230',100,23),(1794,'노란색','230',100,24),(1795,'노란색','230',100,25),(1796,'노란색','230',100,26),(1797,'노란색','230',100,27),(1798,'노란색','230',100,28),(1799,'노란색','230',100,29),(1800,'노란색','230',100,30),(1801,'노란색','235',100,1),(1802,'노란색','235',100,2),(1803,'노란색','235',100,3),(1804,'노란색','235',100,4),(1805,'노란색','235',100,5),(1806,'노란색','235',100,6),(1807,'노란색','235',100,7),(1808,'노란색','235',100,8),(1809,'노란색','235',100,9),(1810,'노란색','235',100,10),(1811,'노란색','235',100,11),(1812,'노란색','235',100,12),(1813,'노란색','235',100,13),(1814,'노란색','235',100,14),(1815,'노란색','235',100,15),(1816,'노란색','235',100,16),(1817,'노란색','235',100,17),(1818,'노란색','235',100,18),(1819,'노란색','235',100,19),(1820,'노란색','235',100,20),(1821,'노란색','235',100,21),(1822,'노란색','235',100,22),(1823,'노란색','235',100,23),(1824,'노란색','235',100,24),(1825,'노란색','235',100,25),(1826,'노란색','235',100,26),(1827,'노란색','235',100,27),(1828,'노란색','235',100,28),(1829,'노란색','235',100,29),(1830,'노란색','235',100,30),(1831,'노란색','240',100,1),(1832,'노란색','240',100,2),(1833,'노란색','240',100,3),(1834,'노란색','240',100,4),(1835,'노란색','240',100,5),(1836,'노란색','240',100,6),(1837,'노란색','240',100,7),(1838,'노란색','240',100,8),(1839,'노란색','240',100,9),(1840,'노란색','240',100,10),(1841,'노란색','240',100,11),(1842,'노란색','240',100,12),(1843,'노란색','240',100,13),(1844,'노란색','240',100,14),(1845,'노란색','240',100,15),(1846,'노란색','240',100,16),(1847,'노란색','240',100,17),(1848,'노란색','240',100,18),(1849,'노란색','240',100,19),(1850,'노란색','240',100,20),(1851,'노란색','240',100,21),(1852,'노란색','240',100,22),(1853,'노란색','240',100,23),(1854,'노란색','240',100,24),(1855,'노란색','240',100,25),(1856,'노란색','240',100,26),(1857,'노란색','240',100,27),(1858,'노란색','240',100,28),(1859,'노란색','240',100,29),(1860,'노란색','240',100,30),(1861,'노란색','245',100,1),(1862,'노란색','245',100,2),(1863,'노란색','245',100,3),(1864,'노란색','245',100,4),(1865,'노란색','245',100,5),(1866,'노란색','245',100,6),(1867,'노란색','245',100,7),(1868,'노란색','245',100,8),(1869,'노란색','245',100,9),(1870,'노란색','245',100,10),(1871,'노란색','245',100,11),(1872,'노란색','245',100,12),(1873,'노란색','245',100,13),(1874,'노란색','245',100,14),(1875,'노란색','245',100,15),(1876,'노란색','245',100,16),(1877,'노란색','245',100,17),(1878,'노란색','245',100,18),(1879,'노란색','245',100,19),(1880,'노란색','245',100,20),(1881,'노란색','245',100,21),(1882,'노란색','245',100,22),(1883,'노란색','245',100,23),(1884,'노란색','245',100,24),(1885,'노란색','245',100,25),(1886,'노란색','245',100,26),(1887,'노란색','245',100,27),(1888,'노란색','245',100,28),(1889,'노란색','245',98,29),(1890,'노란색','245',100,30),(1891,'노란색','250',100,1),(1892,'노란색','250',100,2),(1893,'노란색','250',100,3),(1894,'노란색','250',100,4),(1895,'노란색','250',100,5),(1896,'노란색','250',100,6),(1897,'노란색','250',100,7),(1898,'노란색','250',100,8),(1899,'노란색','250',100,9),(1900,'노란색','250',100,10),(1901,'노란색','250',100,11),(1902,'노란색','250',100,12),(1903,'노란색','250',100,13),(1904,'노란색','250',100,14),(1905,'노란색','250',100,15),(1906,'노란색','250',100,16),(1907,'노란색','250',100,17),(1908,'노란색','250',100,18),(1909,'노란색','250',100,19),(1910,'노란색','250',100,20),(1911,'노란색','250',100,21),(1912,'노란색','250',100,22),(1913,'노란색','250',100,23),(1914,'노란색','250',100,24),(1915,'노란색','250',100,25),(1916,'노란색','250',100,26),(1917,'노란색','250',100,27),(1918,'노란색','250',100,28),(1919,'노란색','250',100,29),(1920,'노란색','250',100,30),(1921,'노란색','255',100,1),(1922,'노란색','255',100,2),(1923,'노란색','255',100,3),(1924,'노란색','255',100,4),(1925,'노란색','255',100,5),(1926,'노란색','255',100,6),(1927,'노란색','255',100,7),(1928,'노란색','255',100,8),(1929,'노란색','255',100,9),(1930,'노란색','255',100,10),(1931,'노란색','255',100,11),(1932,'노란색','255',100,12),(1933,'노란색','255',100,13),(1934,'노란색','255',100,14),(1935,'노란색','255',100,15),(1936,'노란색','255',100,16),(1937,'노란색','255',100,17),(1938,'노란색','255',100,18),(1939,'노란색','255',100,19),(1940,'노란색','255',100,20),(1941,'노란색','255',100,21),(1942,'노란색','255',100,22),(1943,'노란색','255',100,23),(1944,'노란색','255',100,24),(1945,'노란색','255',100,25),(1946,'노란색','255',100,26),(1947,'노란색','255',100,27),(1948,'노란색','255',100,28),(1949,'노란색','255',100,29),(1950,'노란색','255',100,30),(1951,'노란색','260',100,1),(1952,'노란색','260',100,2),(1953,'노란색','260',100,3),(1954,'노란색','260',100,4),(1955,'노란색','260',100,5),(1956,'노란색','260',100,6),(1957,'노란색','260',100,7),(1958,'노란색','260',100,8),(1959,'노란색','260',100,9),(1960,'노란색','260',100,10),(1961,'노란색','260',100,11),(1962,'노란색','260',100,12),(1963,'노란색','260',100,13),(1964,'노란색','260',100,14),(1965,'노란색','260',100,15),(1966,'노란색','260',100,16),(1967,'노란색','260',100,17),(1968,'노란색','260',100,18),(1969,'노란색','260',100,19),(1970,'노란색','260',100,20),(1971,'노란색','260',100,21),(1972,'노란색','260',100,22),(1973,'노란색','260',100,23),(1974,'노란색','260',100,24),(1975,'노란색','260',100,25),(1976,'노란색','260',100,26),(1977,'노란색','260',100,27),(1978,'노란색','260',100,28),(1979,'노란색','260',100,29),(1980,'노란색','260',100,30),(1981,'노란색','265',100,1),(1982,'노란색','265',100,2),(1983,'노란색','265',100,3),(1984,'노란색','265',100,4),(1985,'노란색','265',100,5),(1986,'노란색','265',100,6),(1987,'노란색','265',100,7),(1988,'노란색','265',100,8),(1989,'노란색','265',100,9),(1990,'노란색','265',100,10),(1991,'노란색','265',100,11),(1992,'노란색','265',100,12),(1993,'노란색','265',100,13),(1994,'노란색','265',100,14),(1995,'노란색','265',100,15),(1996,'노란색','265',100,16),(1997,'노란색','265',100,17),(1998,'노란색','265',100,18),(1999,'노란색','265',100,19),(2000,'노란색','265',100,20),(2001,'노란색','265',100,21),(2002,'노란색','265',100,22),(2003,'노란색','265',100,23),(2004,'노란색','265',100,24),(2005,'노란색','265',100,25),(2006,'노란색','265',100,26),(2007,'노란색','265',100,27),(2008,'노란색','265',100,28),(2009,'노란색','265',100,29),(2010,'노란색','265',100,30),(2011,'노란색','270',100,1),(2012,'노란색','270',100,2),(2013,'노란색','270',100,3),(2014,'노란색','270',100,4),(2015,'노란색','270',100,5),(2016,'노란색','270',100,6),(2017,'노란색','270',100,7),(2018,'노란색','270',100,8),(2019,'노란색','270',100,9),(2020,'노란색','270',100,10),(2021,'노란색','270',100,11),(2022,'노란색','270',100,12),(2023,'노란색','270',100,13),(2024,'노란색','270',100,14),(2025,'노란색','270',100,15),(2026,'노란색','270',100,16),(2027,'노란색','270',100,17),(2028,'노란색','270',100,18),(2029,'노란색','270',100,19),(2030,'노란색','270',100,20),(2031,'노란색','270',100,21),(2032,'노란색','270',100,22),(2033,'노란색','270',100,23),(2034,'노란색','270',100,24),(2035,'노란색','270',100,25),(2036,'노란색','270',100,26),(2037,'노란색','270',100,27),(2038,'노란색','270',100,28),(2039,'노란색','270',100,29),(2040,'노란색','270',100,30),(2041,'노란색','275',100,1),(2042,'노란색','275',100,2),(2043,'노란색','275',100,3),(2044,'노란색','275',100,4),(2045,'노란색','275',100,5),(2046,'노란색','275',100,6),(2047,'노란색','275',100,7),(2048,'노란색','275',100,8),(2049,'노란색','275',100,9),(2050,'노란색','275',100,10),(2051,'노란색','275',100,11),(2052,'노란색','275',100,12),(2053,'노란색','275',100,13),(2054,'노란색','275',100,14),(2055,'노란색','275',100,15),(2056,'노란색','275',100,16),(2057,'노란색','275',100,17),(2058,'노란색','275',100,18),(2059,'노란색','275',100,19),(2060,'노란색','275',100,20),(2061,'노란색','275',100,21),(2062,'노란색','275',100,22),(2063,'노란색','275',100,23),(2064,'노란색','275',100,24),(2065,'노란색','275',100,25),(2066,'노란색','275',100,26),(2067,'노란색','275',100,27),(2068,'노란색','275',100,28),(2069,'노란색','275',100,29),(2070,'노란색','275',100,30),(2071,'노란색','280',100,1),(2072,'노란색','280',100,2),(2073,'노란색','280',100,3),(2074,'노란색','280',100,4),(2075,'노란색','280',100,5),(2076,'노란색','280',100,6),(2077,'노란색','280',100,7),(2078,'노란색','280',100,8),(2079,'노란색','280',100,9),(2080,'노란색','280',100,10),(2081,'노란색','280',100,11),(2082,'노란색','280',100,12),(2083,'노란색','280',100,13),(2084,'노란색','280',100,14),(2085,'노란색','280',100,15),(2086,'노란색','280',100,16),(2087,'노란색','280',100,17),(2088,'노란색','280',100,18),(2089,'노란색','280',100,19),(2090,'노란색','280',100,20),(2091,'노란색','280',100,21),(2092,'노란색','280',100,22),(2093,'노란색','280',100,23),(2094,'노란색','280',100,24),(2095,'노란색','280',100,25),(2096,'노란색','280',100,26),(2097,'노란색','280',100,27),(2098,'노란색','280',100,28),(2099,'노란색','280',100,29),(2100,'노란색','280',100,30),(2101,'노란색','285',100,1),(2102,'노란색','285',100,2),(2103,'노란색','285',100,3),(2104,'노란색','285',100,4),(2105,'노란색','285',100,5),(2106,'노란색','285',100,6),(2107,'노란색','285',100,7),(2108,'노란색','285',100,8),(2109,'노란색','285',100,9),(2110,'노란색','285',100,10),(2111,'노란색','285',100,11),(2112,'노란색','285',100,12),(2113,'노란색','285',100,13),(2114,'노란색','285',100,14),(2115,'노란색','285',100,15),(2116,'노란색','285',100,16),(2117,'노란색','285',100,17),(2118,'노란색','285',100,18),(2119,'노란색','285',100,19),(2120,'노란색','285',100,20),(2121,'노란색','285',100,21),(2122,'노란색','285',100,22),(2123,'노란색','285',100,23),(2124,'노란색','285',100,24),(2125,'노란색','285',100,25),(2126,'노란색','285',100,26),(2127,'노란색','285',100,27),(2128,'노란색','285',100,28),(2129,'노란색','285',100,29),(2130,'노란색','285',100,30),(2131,'노란색','290',100,1),(2132,'노란색','290',100,2),(2133,'노란색','290',100,3),(2134,'노란색','290',100,4),(2135,'노란색','290',100,5),(2136,'노란색','290',100,6),(2137,'노란색','290',100,7),(2138,'노란색','290',100,8),(2139,'노란색','290',100,9),(2140,'노란색','290',100,10),(2141,'노란색','290',100,11),(2142,'노란색','290',100,12),(2143,'노란색','290',96,13),(2144,'노란색','290',100,14),(2145,'노란색','290',100,15),(2146,'노란색','290',100,16),(2147,'노란색','290',100,17),(2148,'노란색','290',100,18),(2149,'노란색','290',100,19),(2150,'노란색','290',100,20),(2151,'노란색','290',100,21),(2152,'노란색','290',100,22),(2153,'노란색','290',96,23),(2154,'노란색','290',100,24),(2155,'노란색','290',100,25),(2156,'노란색','290',100,26),(2157,'노란색','290',100,27),(2158,'노란색','290',100,28),(2159,'노란색','290',100,29),(2160,'노란색','290',100,30),(2161,'노란색','295',100,1),(2162,'노란색','295',100,2),(2163,'노란색','295',100,3),(2164,'노란색','295',100,4),(2165,'노란색','295',100,5),(2166,'노란색','295',100,6),(2167,'노란색','295',100,7),(2168,'노란색','295',100,8),(2169,'노란색','295',100,9),(2170,'노란색','295',100,10),(2171,'노란색','295',100,11),(2172,'노란색','295',100,12),(2173,'노란색','295',100,13),(2174,'노란색','295',100,14),(2175,'노란색','295',100,15),(2176,'노란색','295',100,16),(2177,'노란색','295',100,17),(2178,'노란색','295',100,18),(2179,'노란색','295',100,19),(2180,'노란색','295',100,20),(2181,'노란색','295',100,21),(2182,'노란색','295',100,22),(2183,'노란색','295',100,23),(2184,'노란색','295',100,24),(2185,'노란색','295',100,25),(2186,'노란색','295',100,26),(2187,'노란색','295',100,27),(2188,'노란색','295',100,28),(2189,'노란색','295',100,29),(2190,'노란색','295',100,30),(2191,'노란색','300',100,1),(2192,'노란색','300',100,2),(2193,'노란색','300',100,3),(2194,'노란색','300',100,4),(2195,'노란색','300',100,5),(2196,'노란색','300',100,6),(2197,'노란색','300',100,7),(2198,'노란색','300',100,8),(2199,'노란색','300',100,9),(2200,'노란색','300',100,10),(2201,'노란색','300',100,11),(2202,'노란색','300',100,12),(2203,'노란색','300',100,13),(2204,'노란색','300',100,14),(2205,'노란색','300',100,15),(2206,'노란색','300',100,16),(2207,'노란색','300',100,17),(2208,'노란색','300',100,18),(2209,'노란색','300',100,19),(2210,'노란색','300',100,20),(2211,'노란색','300',100,21),(2212,'노란색','300',100,22),(2213,'노란색','300',100,23),(2214,'노란색','300',100,24),(2215,'노란색','300',100,25),(2216,'노란색','300',100,26),(2217,'노란색','300',100,27),(2218,'노란색','300',100,28),(2219,'노란색','300',100,29),(2220,'노란색','300',100,30),(2221,'노란색','305',100,1),(2222,'노란색','305',100,2),(2223,'노란색','305',100,3),(2224,'노란색','305',100,4),(2225,'노란색','305',100,5),(2226,'노란색','305',100,6),(2227,'노란색','305',100,7),(2228,'노란색','305',100,8),(2229,'노란색','305',100,9),(2230,'노란색','305',100,10),(2231,'노란색','305',100,11),(2232,'노란색','305',100,12),(2233,'노란색','305',100,13),(2234,'노란색','305',100,14),(2235,'노란색','305',100,15),(2236,'노란색','305',100,16),(2237,'노란색','305',100,17),(2238,'노란색','305',100,18),(2239,'노란색','305',100,19),(2240,'노란색','305',100,20),(2241,'노란색','305',100,21),(2242,'노란색','305',100,22),(2243,'노란색','305',100,23),(2244,'노란색','305',100,24),(2245,'노란색','305',100,25),(2246,'노란색','305',100,26),(2247,'노란색','305',100,27),(2248,'노란색','305',100,28),(2249,'노란색','305',100,29),(2250,'노란색','305',100,30),(2251,'노란색','310',100,1),(2252,'노란색','310',100,2),(2253,'노란색','310',100,3),(2254,'노란색','310',100,4),(2255,'노란색','310',100,5),(2256,'노란색','310',100,6),(2257,'노란색','310',100,7),(2258,'노란색','310',100,8),(2259,'노란색','310',100,9),(2260,'노란색','310',100,10),(2261,'노란색','310',100,11),(2262,'노란색','310',100,12),(2263,'노란색','310',100,13),(2264,'노란색','310',100,14),(2265,'노란색','310',100,15),(2266,'노란색','310',100,16),(2267,'노란색','310',100,17),(2268,'노란색','310',100,18),(2269,'노란색','310',100,19),(2270,'노란색','310',100,20),(2271,'노란색','310',100,21),(2272,'노란색','310',100,22),(2273,'노란색','310',100,23),(2274,'노란색','310',100,24),(2275,'노란색','310',100,25),(2276,'노란색','310',100,26),(2277,'노란색','310',100,27),(2278,'노란색','310',100,28),(2279,'노란색','310',100,29),(2280,'노란색','310',100,30),(2281,'파란색','220',100,1),(2282,'파란색','220',100,2),(2283,'파란색','220',100,3),(2284,'파란색','220',100,4),(2285,'파란색','220',100,5),(2286,'파란색','220',100,6),(2287,'파란색','220',100,7),(2288,'파란색','220',100,8),(2289,'파란색','220',100,9),(2290,'파란색','220',100,10),(2291,'파란색','220',100,11),(2292,'파란색','220',100,12),(2293,'파란색','220',100,13),(2294,'파란색','220',100,14),(2295,'파란색','220',100,15),(2296,'파란색','220',100,16),(2297,'파란색','220',100,17),(2298,'파란색','220',100,18),(2299,'파란색','220',100,19),(2300,'파란색','220',100,20),(2301,'파란색','220',100,21),(2302,'파란색','220',100,22),(2303,'파란색','220',100,23),(2304,'파란색','220',100,24),(2305,'파란색','220',100,25),(2306,'파란색','220',100,26),(2307,'파란색','220',100,27),(2308,'파란색','220',100,28),(2309,'파란색','220',100,29),(2310,'파란색','220',100,30),(2311,'파란색','225',100,1),(2312,'파란색','225',100,2),(2313,'파란색','225',100,3),(2314,'파란색','225',100,4),(2315,'파란색','225',100,5),(2316,'파란색','225',100,6),(2317,'파란색','225',100,7),(2318,'파란색','225',100,8),(2319,'파란색','225',100,9),(2320,'파란색','225',100,10),(2321,'파란색','225',100,11),(2322,'파란색','225',100,12),(2323,'파란색','225',100,13),(2324,'파란색','225',100,14),(2325,'파란색','225',100,15),(2326,'파란색','225',100,16),(2327,'파란색','225',100,17),(2328,'파란색','225',100,18),(2329,'파란색','225',100,19),(2330,'파란색','225',100,20),(2331,'파란색','225',100,21),(2332,'파란색','225',100,22),(2333,'파란색','225',100,23),(2334,'파란색','225',100,24),(2335,'파란색','225',100,25),(2336,'파란색','225',100,26),(2337,'파란색','225',100,27),(2338,'파란색','225',100,28),(2339,'파란색','225',100,29),(2340,'파란색','225',100,30),(2341,'파란색','230',100,1),(2342,'파란색','230',100,2),(2343,'파란색','230',100,3),(2344,'파란색','230',100,4),(2345,'파란색','230',100,5),(2346,'파란색','230',100,6),(2347,'파란색','230',100,7),(2348,'파란색','230',100,8),(2349,'파란색','230',100,9),(2350,'파란색','230',100,10),(2351,'파란색','230',100,11),(2352,'파란색','230',100,12),(2353,'파란색','230',100,13),(2354,'파란색','230',100,14),(2355,'파란색','230',100,15),(2356,'파란색','230',100,16),(2357,'파란색','230',100,17),(2358,'파란색','230',100,18),(2359,'파란색','230',100,19),(2360,'파란색','230',100,20),(2361,'파란색','230',100,21),(2362,'파란색','230',100,22),(2363,'파란색','230',100,23),(2364,'파란색','230',100,24),(2365,'파란색','230',100,25),(2366,'파란색','230',100,26),(2367,'파란색','230',100,27),(2368,'파란색','230',100,28),(2369,'파란색','230',100,29),(2370,'파란색','230',100,30),(2371,'파란색','235',100,1),(2372,'파란색','235',100,2),(2373,'파란색','235',100,3),(2374,'파란색','235',100,4),(2375,'파란색','235',100,5),(2376,'파란색','235',100,6),(2377,'파란색','235',100,7),(2378,'파란색','235',100,8),(2379,'파란색','235',100,9),(2380,'파란색','235',100,10),(2381,'파란색','235',100,11),(2382,'파란색','235',100,12),(2383,'파란색','235',100,13),(2384,'파란색','235',100,14),(2385,'파란색','235',100,15),(2386,'파란색','235',100,16),(2387,'파란색','235',100,17),(2388,'파란색','235',100,18),(2389,'파란색','235',100,19),(2390,'파란색','235',100,20),(2391,'파란색','235',100,21),(2392,'파란색','235',100,22),(2393,'파란색','235',100,23),(2394,'파란색','235',100,24),(2395,'파란색','235',100,25),(2396,'파란색','235',100,26),(2397,'파란색','235',100,27),(2398,'파란색','235',100,28),(2399,'파란색','235',100,29),(2400,'파란색','235',100,30),(2401,'파란색','240',100,1),(2402,'파란색','240',100,2),(2403,'파란색','240',100,3),(2404,'파란색','240',100,4),(2405,'파란색','240',100,5),(2406,'파란색','240',100,6),(2407,'파란색','240',100,7),(2408,'파란색','240',100,8),(2409,'파란색','240',100,9),(2410,'파란색','240',100,10),(2411,'파란색','240',100,11),(2412,'파란색','240',100,12),(2413,'파란색','240',100,13),(2414,'파란색','240',100,14),(2415,'파란색','240',100,15),(2416,'파란색','240',100,16),(2417,'파란색','240',100,17),(2418,'파란색','240',100,18),(2419,'파란색','240',100,19),(2420,'파란색','240',100,20),(2421,'파란색','240',100,21),(2422,'파란색','240',100,22),(2423,'파란색','240',100,23),(2424,'파란색','240',100,24),(2425,'파란색','240',100,25),(2426,'파란색','240',100,26),(2427,'파란색','240',100,27),(2428,'파란색','240',100,28),(2429,'파란색','240',100,29),(2430,'파란색','240',100,30),(2431,'파란색','245',100,1),(2432,'파란색','245',100,2),(2433,'파란색','245',100,3),(2434,'파란색','245',100,4),(2435,'파란색','245',100,5),(2436,'파란색','245',100,6),(2437,'파란색','245',100,7),(2438,'파란색','245',100,8),(2439,'파란색','245',100,9),(2440,'파란색','245',100,10),(2441,'파란색','245',100,11),(2442,'파란색','245',100,12),(2443,'파란색','245',100,13),(2444,'파란색','245',100,14),(2445,'파란색','245',100,15),(2446,'파란색','245',100,16),(2447,'파란색','245',100,17),(2448,'파란색','245',100,18),(2449,'파란색','245',100,19),(2450,'파란색','245',100,20),(2451,'파란색','245',100,21),(2452,'파란색','245',100,22),(2453,'파란색','245',100,23),(2454,'파란색','245',100,24),(2455,'파란색','245',100,25),(2456,'파란색','245',100,26),(2457,'파란색','245',100,27),(2458,'파란색','245',100,28),(2459,'파란색','245',100,29),(2460,'파란색','245',100,30),(2461,'파란색','250',100,1),(2462,'파란색','250',100,2),(2463,'파란색','250',100,3),(2464,'파란색','250',100,4),(2465,'파란색','250',100,5),(2466,'파란색','250',100,6),(2467,'파란색','250',100,7),(2468,'파란색','250',100,8),(2469,'파란색','250',100,9),(2470,'파란색','250',100,10),(2471,'파란색','250',100,11),(2472,'파란색','250',100,12),(2473,'파란색','250',100,13),(2474,'파란색','250',100,14),(2475,'파란색','250',100,15),(2476,'파란색','250',100,16),(2477,'파란색','250',100,17),(2478,'파란색','250',100,18),(2479,'파란색','250',100,19),(2480,'파란색','250',100,20),(2481,'파란색','250',100,21),(2482,'파란색','250',100,22),(2483,'파란색','250',100,23),(2484,'파란색','250',100,24),(2485,'파란색','250',100,25),(2486,'파란색','250',100,26),(2487,'파란색','250',100,27),(2488,'파란색','250',100,28),(2489,'파란색','250',100,29),(2490,'파란색','250',100,30),(2491,'파란색','255',100,1),(2492,'파란색','255',100,2),(2493,'파란색','255',100,3),(2494,'파란색','255',100,4),(2495,'파란색','255',100,5),(2496,'파란색','255',100,6),(2497,'파란색','255',100,7),(2498,'파란색','255',100,8),(2499,'파란색','255',100,9),(2500,'파란색','255',100,10),(2501,'파란색','255',100,11),(2502,'파란색','255',100,12),(2503,'파란색','255',100,13),(2504,'파란색','255',100,14),(2505,'파란색','255',100,15),(2506,'파란색','255',100,16),(2507,'파란색','255',100,17),(2508,'파란색','255',100,18),(2509,'파란색','255',100,19),(2510,'파란색','255',100,20),(2511,'파란색','255',100,21),(2512,'파란색','255',100,22),(2513,'파란색','255',100,23),(2514,'파란색','255',100,24),(2515,'파란색','255',100,25),(2516,'파란색','255',100,26),(2517,'파란색','255',100,27),(2518,'파란색','255',100,28),(2519,'파란색','255',100,29),(2520,'파란색','255',100,30),(2521,'파란색','260',100,1),(2522,'파란색','260',100,2),(2523,'파란색','260',100,3),(2524,'파란색','260',100,4),(2525,'파란색','260',100,5),(2526,'파란색','260',100,6),(2527,'파란색','260',100,7),(2528,'파란색','260',100,8),(2529,'파란색','260',100,9),(2530,'파란색','260',100,10),(2531,'파란색','260',100,11),(2532,'파란색','260',100,12),(2533,'파란색','260',100,13),(2534,'파란색','260',100,14),(2535,'파란색','260',100,15),(2536,'파란색','260',100,16),(2537,'파란색','260',100,17),(2538,'파란색','260',100,18),(2539,'파란색','260',100,19),(2540,'파란색','260',100,20),(2541,'파란색','260',100,21),(2542,'파란색','260',100,22),(2543,'파란색','260',100,23),(2544,'파란색','260',100,24),(2545,'파란색','260',100,25),(2546,'파란색','260',100,26),(2547,'파란색','260',100,27),(2548,'파란색','260',100,28),(2549,'파란색','260',100,29),(2550,'파란색','260',100,30),(2551,'파란색','265',100,1),(2552,'파란색','265',100,2),(2553,'파란색','265',100,3),(2554,'파란색','265',100,4),(2555,'파란색','265',100,5),(2556,'파란색','265',100,6),(2557,'파란색','265',100,7),(2558,'파란색','265',100,8),(2559,'파란색','265',100,9),(2560,'파란색','265',100,10),(2561,'파란색','265',100,11),(2562,'파란색','265',100,12),(2563,'파란색','265',100,13),(2564,'파란색','265',100,14),(2565,'파란색','265',100,15),(2566,'파란색','265',100,16),(2567,'파란색','265',100,17),(2568,'파란색','265',100,18),(2569,'파란색','265',100,19),(2570,'파란색','265',100,20),(2571,'파란색','265',100,21),(2572,'파란색','265',100,22),(2573,'파란색','265',100,23),(2574,'파란색','265',100,24),(2575,'파란색','265',100,25),(2576,'파란색','265',100,26),(2577,'파란색','265',100,27),(2578,'파란색','265',100,28),(2579,'파란색','265',100,29),(2580,'파란색','265',100,30),(2581,'파란색','270',100,1),(2582,'파란색','270',100,2),(2583,'파란색','270',100,3),(2584,'파란색','270',100,4),(2585,'파란색','270',100,5),(2586,'파란색','270',100,6),(2587,'파란색','270',100,7),(2588,'파란색','270',100,8),(2589,'파란색','270',100,9),(2590,'파란색','270',100,10),(2591,'파란색','270',100,11),(2592,'파란색','270',100,12),(2593,'파란색','270',100,13),(2594,'파란색','270',100,14),(2595,'파란색','270',100,15),(2596,'파란색','270',100,16),(2597,'파란색','270',100,17),(2598,'파란색','270',100,18),(2599,'파란색','270',100,19),(2600,'파란색','270',100,20),(2601,'파란색','270',100,21),(2602,'파란색','270',100,22),(2603,'파란색','270',100,23),(2604,'파란색','270',100,24),(2605,'파란색','270',100,25),(2606,'파란색','270',100,26),(2607,'파란색','270',100,27),(2608,'파란색','270',100,28),(2609,'파란색','270',100,29),(2610,'파란색','270',100,30),(2611,'파란색','275',100,1),(2612,'파란색','275',100,2),(2613,'파란색','275',100,3),(2614,'파란색','275',100,4),(2615,'파란색','275',100,5),(2616,'파란색','275',100,6),(2617,'파란색','275',100,7),(2618,'파란색','275',100,8),(2619,'파란색','275',100,9),(2620,'파란색','275',100,10),(2621,'파란색','275',100,11),(2622,'파란색','275',100,12),(2623,'파란색','275',100,13),(2624,'파란색','275',100,14),(2625,'파란색','275',100,15),(2626,'파란색','275',100,16),(2627,'파란색','275',100,17),(2628,'파란색','275',100,18),(2629,'파란색','275',100,19),(2630,'파란색','275',100,20),(2631,'파란색','275',100,21),(2632,'파란색','275',100,22),(2633,'파란색','275',100,23),(2634,'파란색','275',100,24),(2635,'파란색','275',100,25),(2636,'파란색','275',100,26),(2637,'파란색','275',100,27),(2638,'파란색','275',100,28),(2639,'파란색','275',100,29),(2640,'파란색','275',100,30),(2641,'파란색','280',100,1),(2642,'파란색','280',100,2),(2643,'파란색','280',100,3),(2644,'파란색','280',100,4),(2645,'파란색','280',100,5),(2646,'파란색','280',100,6),(2647,'파란색','280',100,7),(2648,'파란색','280',100,8),(2649,'파란색','280',100,9),(2650,'파란색','280',100,10),(2651,'파란색','280',100,11),(2652,'파란색','280',100,12),(2653,'파란색','280',100,13),(2654,'파란색','280',100,14),(2655,'파란색','280',100,15),(2656,'파란색','280',100,16),(2657,'파란색','280',100,17),(2658,'파란색','280',100,18),(2659,'파란색','280',100,19),(2660,'파란색','280',100,20),(2661,'파란색','280',100,21),(2662,'파란색','280',100,22),(2663,'파란색','280',100,23),(2664,'파란색','280',100,24),(2665,'파란색','280',100,25),(2666,'파란색','280',100,26),(2667,'파란색','280',100,27),(2668,'파란색','280',100,28),(2669,'파란색','280',100,29),(2670,'파란색','280',100,30),(2671,'파란색','285',100,1),(2672,'파란색','285',100,2),(2673,'파란색','285',100,3),(2674,'파란색','285',100,4),(2675,'파란색','285',100,5),(2676,'파란색','285',100,6),(2677,'파란색','285',100,7),(2678,'파란색','285',100,8),(2679,'파란색','285',100,9),(2680,'파란색','285',100,10),(2681,'파란색','285',100,11),(2682,'파란색','285',100,12),(2683,'파란색','285',100,13),(2684,'파란색','285',100,14),(2685,'파란색','285',100,15),(2686,'파란색','285',100,16),(2687,'파란색','285',100,17),(2688,'파란색','285',100,18),(2689,'파란색','285',100,19),(2690,'파란색','285',100,20),(2691,'파란색','285',100,21),(2692,'파란색','285',100,22),(2693,'파란색','285',100,23),(2694,'파란색','285',100,24),(2695,'파란색','285',100,25),(2696,'파란색','285',100,26),(2697,'파란색','285',100,27),(2698,'파란색','285',100,28),(2699,'파란색','285',100,29),(2700,'파란색','285',100,30),(2701,'파란색','290',100,1),(2702,'파란색','290',100,2),(2703,'파란색','290',100,3),(2704,'파란색','290',100,4),(2705,'파란색','290',100,5),(2706,'파란색','290',100,6),(2707,'파란색','290',100,7),(2708,'파란색','290',100,8),(2709,'파란색','290',100,9),(2710,'파란색','290',100,10),(2711,'파란색','290',100,11),(2712,'파란색','290',100,12),(2713,'파란색','290',100,13),(2714,'파란색','290',100,14),(2715,'파란색','290',100,15),(2716,'파란색','290',100,16),(2717,'파란색','290',100,17),(2718,'파란색','290',100,18),(2719,'파란색','290',100,19),(2720,'파란색','290',100,20),(2721,'파란색','290',100,21),(2722,'파란색','290',100,22),(2723,'파란색','290',100,23),(2724,'파란색','290',100,24),(2725,'파란색','290',100,25),(2726,'파란색','290',100,26),(2727,'파란색','290',100,27),(2728,'파란색','290',100,28),(2729,'파란색','290',100,29),(2730,'파란색','290',100,30),(2731,'파란색','295',100,1),(2732,'파란색','295',100,2),(2733,'파란색','295',100,3),(2734,'파란색','295',100,4),(2735,'파란색','295',100,5),(2736,'파란색','295',100,6),(2737,'파란색','295',100,7),(2738,'파란색','295',100,8),(2739,'파란색','295',100,9),(2740,'파란색','295',100,10),(2741,'파란색','295',100,11),(2742,'파란색','295',100,12),(2743,'파란색','295',100,13),(2744,'파란색','295',100,14),(2745,'파란색','295',100,15),(2746,'파란색','295',100,16),(2747,'파란색','295',100,17),(2748,'파란색','295',100,18),(2749,'파란색','295',100,19),(2750,'파란색','295',100,20),(2751,'파란색','295',100,21),(2752,'파란색','295',100,22),(2753,'파란색','295',100,23),(2754,'파란색','295',100,24),(2755,'파란색','295',100,25),(2756,'파란색','295',100,26),(2757,'파란색','295',100,27),(2758,'파란색','295',100,28),(2759,'파란색','295',100,29),(2760,'파란색','295',100,30),(2761,'파란색','300',100,1),(2762,'파란색','300',100,2),(2763,'파란색','300',100,3),(2764,'파란색','300',100,4),(2765,'파란색','300',100,5),(2766,'파란색','300',100,6),(2767,'파란색','300',100,7),(2768,'파란색','300',100,8),(2769,'파란색','300',100,9),(2770,'파란색','300',100,10),(2771,'파란색','300',100,11),(2772,'파란색','300',100,12),(2773,'파란색','300',100,13),(2774,'파란색','300',100,14),(2775,'파란색','300',100,15),(2776,'파란색','300',100,16),(2777,'파란색','300',100,17),(2778,'파란색','300',100,18),(2779,'파란색','300',100,19),(2780,'파란색','300',100,20),(2781,'파란색','300',100,21),(2782,'파란색','300',100,22),(2783,'파란색','300',100,23),(2784,'파란색','300',100,24),(2785,'파란색','300',100,25),(2786,'파란색','300',100,26),(2787,'파란색','300',100,27),(2788,'파란색','300',100,28),(2789,'파란색','300',100,29),(2790,'파란색','300',100,30),(2791,'파란색','305',100,1),(2792,'파란색','305',100,2),(2793,'파란색','305',100,3),(2794,'파란색','305',100,4),(2795,'파란색','305',100,5),(2796,'파란색','305',100,6),(2797,'파란색','305',100,7),(2798,'파란색','305',100,8),(2799,'파란색','305',100,9),(2800,'파란색','305',100,10),(2801,'파란색','305',100,11),(2802,'파란색','305',100,12),(2803,'파란색','305',100,13),(2804,'파란색','305',100,14),(2805,'파란색','305',100,15),(2806,'파란색','305',100,16),(2807,'파란색','305',100,17),(2808,'파란색','305',100,18),(2809,'파란색','305',100,19),(2810,'파란색','305',100,20),(2811,'파란색','305',100,21),(2812,'파란색','305',100,22),(2813,'파란색','305',100,23),(2814,'파란색','305',100,24),(2815,'파란색','305',100,25),(2816,'파란색','305',100,26),(2817,'파란색','305',100,27),(2818,'파란색','305',100,28),(2819,'파란색','305',100,29),(2820,'파란색','305',100,30),(2821,'파란색','310',100,1),(2822,'파란색','310',100,2),(2823,'파란색','310',100,3),(2824,'파란색','310',100,4),(2825,'파란색','310',100,5),(2826,'파란색','310',100,6),(2827,'파란색','310',100,7),(2828,'파란색','310',100,8),(2829,'파란색','310',100,9),(2830,'파란색','310',100,10),(2831,'파란색','310',100,11),(2832,'파란색','310',100,12),(2833,'파란색','310',100,13),(2834,'파란색','310',100,14),(2835,'파란색','310',100,15),(2836,'파란색','310',100,16),(2837,'파란색','310',100,17),(2838,'파란색','310',100,18),(2839,'파란색','310',100,19),(2840,'파란색','310',100,20),(2841,'파란색','310',100,21),(2842,'파란색','310',100,22),(2843,'파란색','310',100,23),(2844,'파란색','310',100,24),(2845,'파란색','310',100,25),(2846,'파란색','310',100,26),(2847,'파란색','310',100,27),(2848,'파란색','310',100,28),(2849,'파란색','310',100,29),(2850,'파란색','310',100,30),(2851,'검정색','220',100,1),(2852,'검정색','220',100,2),(2853,'검정색','220',100,3),(2854,'검정색','220',100,4),(2855,'검정색','220',100,5),(2856,'검정색','220',100,6),(2857,'검정색','220',100,7),(2858,'검정색','220',100,8),(2859,'검정색','220',100,9),(2860,'검정색','220',100,10),(2861,'검정색','220',100,11),(2862,'검정색','220',100,12),(2863,'검정색','220',98,13),(2864,'검정색','220',100,14),(2865,'검정색','220',100,15),(2866,'검정색','220',100,16),(2867,'검정색','220',100,17),(2868,'검정색','220',100,18),(2869,'검정색','220',90,19),(2870,'검정색','220',100,20),(2871,'검정색','220',100,21),(2872,'검정색','220',100,22),(2873,'검정색','220',98,23),(2874,'검정색','220',100,24),(2875,'검정색','220',100,25),(2876,'검정색','220',100,26),(2877,'검정색','220',100,27),(2878,'검정색','220',100,28),(2879,'검정색','220',100,29),(2880,'검정색','220',100,30),(2881,'검정색','225',100,1),(2882,'검정색','225',100,2),(2883,'검정색','225',100,3),(2884,'검정색','225',100,4),(2885,'검정색','225',100,5),(2886,'검정색','225',100,6),(2887,'검정색','225',100,7),(2888,'검정색','225',100,8),(2889,'검정색','225',100,9),(2890,'검정색','225',100,10),(2891,'검정색','225',100,11),(2892,'검정색','225',100,12),(2893,'검정색','225',100,13),(2894,'검정색','225',100,14),(2895,'검정색','225',100,15),(2896,'검정색','225',100,16),(2897,'검정색','225',100,17),(2898,'검정색','225',100,18),(2899,'검정색','225',100,19),(2900,'검정색','225',100,20),(2901,'검정색','225',100,21),(2902,'검정색','225',100,22),(2903,'검정색','225',100,23),(2904,'검정색','225',100,24),(2905,'검정색','225',100,25),(2906,'검정색','225',100,26),(2907,'검정색','225',100,27),(2908,'검정색','225',100,28),(2909,'검정색','225',100,29),(2910,'검정색','225',100,30),(2911,'검정색','230',100,1),(2912,'검정색','230',100,2),(2913,'검정색','230',100,3),(2914,'검정색','230',100,4),(2915,'검정색','230',100,5),(2916,'검정색','230',100,6),(2917,'검정색','230',100,7),(2918,'검정색','230',100,8),(2919,'검정색','230',100,9),(2920,'검정색','230',100,10),(2921,'검정색','230',100,11),(2922,'검정색','230',100,12),(2923,'검정색','230',100,13),(2924,'검정색','230',100,14),(2925,'검정색','230',100,15),(2926,'검정색','230',100,16),(2927,'검정색','230',100,17),(2928,'검정색','230',100,18),(2929,'검정색','230',100,19),(2930,'검정색','230',100,20),(2931,'검정색','230',100,21),(2932,'검정색','230',100,22),(2933,'검정색','230',100,23),(2934,'검정색','230',100,24),(2935,'검정색','230',100,25),(2936,'검정색','230',100,26),(2937,'검정색','230',100,27),(2938,'검정색','230',100,28),(2939,'검정색','230',100,29),(2940,'검정색','230',100,30),(2941,'검정색','235',100,1),(2942,'검정색','235',100,2),(2943,'검정색','235',100,3),(2944,'검정색','235',100,4),(2945,'검정색','235',100,5),(2946,'검정색','235',100,6),(2947,'검정색','235',100,7),(2948,'검정색','235',100,8),(2949,'검정색','235',100,9),(2950,'검정색','235',100,10),(2951,'검정색','235',100,11),(2952,'검정색','235',100,12),(2953,'검정색','235',100,13),(2954,'검정색','235',100,14),(2955,'검정색','235',100,15),(2956,'검정색','235',100,16),(2957,'검정색','235',100,17),(2958,'검정색','235',100,18),(2959,'검정색','235',100,19),(2960,'검정색','235',100,20),(2961,'검정색','235',100,21),(2962,'검정색','235',100,22),(2963,'검정색','235',100,23),(2964,'검정색','235',100,24),(2965,'검정색','235',100,25),(2966,'검정색','235',100,26),(2967,'검정색','235',100,27),(2968,'검정색','235',100,28),(2969,'검정색','235',100,29),(2970,'검정색','235',100,30),(2971,'검정색','240',100,1),(2972,'검정색','240',100,2),(2973,'검정색','240',100,3),(2974,'검정색','240',100,4),(2975,'검정색','240',100,5),(2976,'검정색','240',100,6),(2977,'검정색','240',100,7),(2978,'검정색','240',100,8),(2979,'검정색','240',100,9),(2980,'검정색','240',100,10),(2981,'검정색','240',100,11),(2982,'검정색','240',100,12),(2983,'검정색','240',100,13),(2984,'검정색','240',100,14),(2985,'검정색','240',100,15),(2986,'검정색','240',100,16),(2987,'검정색','240',100,17),(2988,'검정색','240',100,18),(2989,'검정색','240',100,19),(2990,'검정색','240',100,20),(2991,'검정색','240',100,21),(2992,'검정색','240',100,22),(2993,'검정색','240',100,23),(2994,'검정색','240',100,24),(2995,'검정색','240',100,25),(2996,'검정색','240',100,26),(2997,'검정색','240',100,27),(2998,'검정색','240',100,28),(2999,'검정색','240',100,29),(3000,'검정색','240',100,30),(3001,'검정색','245',100,1),(3002,'검정색','245',100,2),(3003,'검정색','245',100,3),(3004,'검정색','245',100,4),(3005,'검정색','245',100,5),(3006,'검정색','245',100,6),(3007,'검정색','245',100,7),(3008,'검정색','245',100,8),(3009,'검정색','245',100,9),(3010,'검정색','245',100,10),(3011,'검정색','245',100,11),(3012,'검정색','245',100,12),(3013,'검정색','245',100,13),(3014,'검정색','245',100,14),(3015,'검정색','245',100,15),(3016,'검정색','245',100,16),(3017,'검정색','245',100,17),(3018,'검정색','245',100,18),(3019,'검정색','245',100,19),(3020,'검정색','245',100,20),(3021,'검정색','245',100,21),(3022,'검정색','245',100,22),(3023,'검정색','245',100,23),(3024,'검정색','245',100,24),(3025,'검정색','245',100,25),(3026,'검정색','245',100,26),(3027,'검정색','245',100,27),(3028,'검정색','245',100,28),(3029,'검정색','245',100,29),(3030,'검정색','245',100,30),(3031,'검정색','250',100,1),(3032,'검정색','250',100,2),(3033,'검정색','250',100,3),(3034,'검정색','250',100,4),(3035,'검정색','250',100,5),(3036,'검정색','250',100,6),(3037,'검정색','250',100,7),(3038,'검정색','250',100,8),(3039,'검정색','250',100,9),(3040,'검정색','250',100,10),(3041,'검정색','250',100,11),(3042,'검정색','250',100,12),(3043,'검정색','250',100,13),(3044,'검정색','250',100,14),(3045,'검정색','250',100,15),(3046,'검정색','250',100,16),(3047,'검정색','250',100,17),(3048,'검정색','250',100,18),(3049,'검정색','250',100,19),(3050,'검정색','250',100,20),(3051,'검정색','250',100,21),(3052,'검정색','250',100,22),(3053,'검정색','250',100,23),(3054,'검정색','250',100,24),(3055,'검정색','250',100,25),(3056,'검정색','250',100,26),(3057,'검정색','250',100,27),(3058,'검정색','250',100,28),(3059,'검정색','250',100,29),(3060,'검정색','250',100,30),(3061,'검정색','255',100,1),(3062,'검정색','255',100,2),(3063,'검정색','255',100,3),(3064,'검정색','255',100,4),(3065,'검정색','255',100,5),(3066,'검정색','255',100,6),(3067,'검정색','255',100,7),(3068,'검정색','255',100,8),(3069,'검정색','255',100,9),(3070,'검정색','255',100,10),(3071,'검정색','255',100,11),(3072,'검정색','255',100,12),(3073,'검정색','255',100,13),(3074,'검정색','255',100,14),(3075,'검정색','255',100,15),(3076,'검정색','255',100,16),(3077,'검정색','255',100,17),(3078,'검정색','255',100,18),(3079,'검정색','255',100,19),(3080,'검정색','255',100,20),(3081,'검정색','255',100,21),(3082,'검정색','255',100,22),(3083,'검정색','255',100,23),(3084,'검정색','255',100,24),(3085,'검정색','255',100,25),(3086,'검정색','255',100,26),(3087,'검정색','255',100,27),(3088,'검정색','255',100,28),(3089,'검정색','255',100,29),(3090,'검정색','255',100,30),(3091,'검정색','260',100,1),(3092,'검정색','260',100,2),(3093,'검정색','260',100,3),(3094,'검정색','260',100,4),(3095,'검정색','260',100,5),(3096,'검정색','260',100,6),(3097,'검정색','260',100,7),(3098,'검정색','260',100,8),(3099,'검정색','260',100,9),(3100,'검정색','260',100,10),(3101,'검정색','260',100,11),(3102,'검정색','260',100,12),(3103,'검정색','260',100,13),(3104,'검정색','260',100,14),(3105,'검정색','260',100,15),(3106,'검정색','260',100,16),(3107,'검정색','260',100,17),(3108,'검정색','260',100,18),(3109,'검정색','260',100,19),(3110,'검정색','260',100,20),(3111,'검정색','260',100,21),(3112,'검정색','260',100,22),(3113,'검정색','260',100,23),(3114,'검정색','260',100,24),(3115,'검정색','260',100,25),(3116,'검정색','260',100,26),(3117,'검정색','260',100,27),(3118,'검정색','260',100,28),(3119,'검정색','260',100,29),(3120,'검정색','260',100,30),(3121,'검정색','265',100,1),(3122,'검정색','265',100,2),(3123,'검정색','265',100,3),(3124,'검정색','265',100,4),(3125,'검정색','265',100,5),(3126,'검정색','265',100,6),(3127,'검정색','265',100,7),(3128,'검정색','265',100,8),(3129,'검정색','265',100,9),(3130,'검정색','265',100,10),(3131,'검정색','265',100,11),(3132,'검정색','265',100,12),(3133,'검정색','265',100,13),(3134,'검정색','265',100,14),(3135,'검정색','265',100,15),(3136,'검정색','265',100,16),(3137,'검정색','265',100,17),(3138,'검정색','265',100,18),(3139,'검정색','265',100,19),(3140,'검정색','265',100,20),(3141,'검정색','265',100,21),(3142,'검정색','265',100,22),(3143,'검정색','265',100,23),(3144,'검정색','265',100,24),(3145,'검정색','265',100,25),(3146,'검정색','265',100,26),(3147,'검정색','265',100,27),(3148,'검정색','265',100,28),(3149,'검정색','265',100,29),(3150,'검정색','265',100,30),(3151,'검정색','270',100,1),(3152,'검정색','270',100,2),(3153,'검정색','270',100,3),(3154,'검정색','270',100,4),(3155,'검정색','270',100,5),(3156,'검정색','270',100,6),(3157,'검정색','270',100,7),(3158,'검정색','270',100,8),(3159,'검정색','270',100,9),(3160,'검정색','270',100,10),(3161,'검정색','270',100,11),(3162,'검정색','270',100,12),(3163,'검정색','270',100,13),(3164,'검정색','270',100,14),(3165,'검정색','270',100,15),(3166,'검정색','270',100,16),(3167,'검정색','270',100,17),(3168,'검정색','270',100,18),(3169,'검정색','270',100,19),(3170,'검정색','270',100,20),(3171,'검정색','270',100,21),(3172,'검정색','270',100,22),(3173,'검정색','270',100,23),(3174,'검정색','270',100,24),(3175,'검정색','270',100,25),(3176,'검정색','270',100,26),(3177,'검정색','270',100,27),(3178,'검정색','270',100,28),(3179,'검정색','270',100,29),(3180,'검정색','270',100,30),(3181,'검정색','275',100,1),(3182,'검정색','275',100,2),(3183,'검정색','275',100,3),(3184,'검정색','275',100,4),(3185,'검정색','275',100,5),(3186,'검정색','275',100,6),(3187,'검정색','275',100,7),(3188,'검정색','275',100,8),(3189,'검정색','275',100,9),(3190,'검정색','275',100,10),(3191,'검정색','275',100,11),(3192,'검정색','275',100,12),(3193,'검정색','275',100,13),(3194,'검정색','275',100,14),(3195,'검정색','275',100,15),(3196,'검정색','275',100,16),(3197,'검정색','275',100,17),(3198,'검정색','275',100,18),(3199,'검정색','275',100,19),(3200,'검정색','275',100,20),(3201,'검정색','275',100,21),(3202,'검정색','275',100,22),(3203,'검정색','275',100,23),(3204,'검정색','275',100,24),(3205,'검정색','275',100,25),(3206,'검정색','275',100,26),(3207,'검정색','275',100,27),(3208,'검정색','275',100,28),(3209,'검정색','275',100,29),(3210,'검정색','275',100,30),(3211,'검정색','280',100,1),(3212,'검정색','280',100,2),(3213,'검정색','280',100,3),(3214,'검정색','280',100,4),(3215,'검정색','280',100,5),(3216,'검정색','280',100,6),(3217,'검정색','280',100,7),(3218,'검정색','280',100,8),(3219,'검정색','280',100,9),(3220,'검정색','280',100,10),(3221,'검정색','280',100,11),(3222,'검정색','280',100,12),(3223,'검정색','280',100,13),(3224,'검정색','280',100,14),(3225,'검정색','280',100,15),(3226,'검정색','280',100,16),(3227,'검정색','280',100,17),(3228,'검정색','280',100,18),(3229,'검정색','280',100,19),(3230,'검정색','280',100,20),(3231,'검정색','280',100,21),(3232,'검정색','280',100,22),(3233,'검정색','280',100,23),(3234,'검정색','280',100,24),(3235,'검정색','280',100,25),(3236,'검정색','280',100,26),(3237,'검정색','280',100,27),(3238,'검정색','280',100,28),(3239,'검정색','280',100,29),(3240,'검정색','280',100,30),(3241,'검정색','285',100,1),(3242,'검정색','285',100,2),(3243,'검정색','285',100,3),(3244,'검정색','285',100,4),(3245,'검정색','285',100,5),(3246,'검정색','285',100,6),(3247,'검정색','285',100,7),(3248,'검정색','285',100,8),(3249,'검정색','285',100,9),(3250,'검정색','285',100,10),(3251,'검정색','285',100,11),(3252,'검정색','285',100,12),(3253,'검정색','285',100,13),(3254,'검정색','285',100,14),(3255,'검정색','285',100,15),(3256,'검정색','285',100,16),(3257,'검정색','285',100,17),(3258,'검정색','285',100,18),(3259,'검정색','285',100,19),(3260,'검정색','285',100,20),(3261,'검정색','285',100,21),(3262,'검정색','285',100,22),(3263,'검정색','285',100,23),(3264,'검정색','285',100,24),(3265,'검정색','285',100,25),(3266,'검정색','285',100,26),(3267,'검정색','285',100,27),(3268,'검정색','285',100,28),(3269,'검정색','285',100,29),(3270,'검정색','285',100,30),(3271,'검정색','290',100,1),(3272,'검정색','290',100,2),(3273,'검정색','290',95,3),(3274,'검정색','290',100,4),(3275,'검정색','290',100,5),(3276,'검정색','290',100,6),(3277,'검정색','290',100,7),(3278,'검정색','290',100,8),(3279,'검정색','290',100,9),(3280,'검정색','290',100,10),(3281,'검정색','290',100,11),(3282,'검정색','290',100,12),(3283,'검정색','290',100,13),(3284,'검정색','290',100,14),(3285,'검정색','290',100,15),(3286,'검정색','290',100,16),(3287,'검정색','290',100,17),(3288,'검정색','290',100,18),(3289,'검정색','290',100,19),(3290,'검정색','290',100,20),(3291,'검정색','290',100,21),(3292,'검정색','290',100,22),(3293,'검정색','290',100,23),(3294,'검정색','290',100,24),(3295,'검정색','290',100,25),(3296,'검정색','290',100,26),(3297,'검정색','290',100,27),(3298,'검정색','290',100,28),(3299,'검정색','290',100,29),(3300,'검정색','290',100,30),(3301,'검정색','295',100,1),(3302,'검정색','295',100,2),(3303,'검정색','295',100,3),(3304,'검정색','295',100,4),(3305,'검정색','295',100,5),(3306,'검정색','295',100,6),(3307,'검정색','295',100,7),(3308,'검정색','295',100,8),(3309,'검정색','295',100,9),(3310,'검정색','295',100,10),(3311,'검정색','295',100,11),(3312,'검정색','295',100,12),(3313,'검정색','295',100,13),(3314,'검정색','295',100,14),(3315,'검정색','295',100,15),(3316,'검정색','295',100,16),(3317,'검정색','295',100,17),(3318,'검정색','295',100,18),(3319,'검정색','295',100,19),(3320,'검정색','295',100,20),(3321,'검정색','295',100,21),(3322,'검정색','295',100,22),(3323,'검정색','295',100,23),(3324,'검정색','295',100,24),(3325,'검정색','295',100,25),(3326,'검정색','295',100,26),(3327,'검정색','295',100,27),(3328,'검정색','295',100,28),(3329,'검정색','295',100,29),(3330,'검정색','295',100,30),(3331,'검정색','300',100,1),(3332,'검정색','300',100,2),(3333,'검정색','300',100,3),(3334,'검정색','300',100,4),(3335,'검정색','300',100,5),(3336,'검정색','300',100,6),(3337,'검정색','300',100,7),(3338,'검정색','300',100,8),(3339,'검정색','300',100,9),(3340,'검정색','300',100,10),(3341,'검정색','300',100,11),(3342,'검정색','300',100,12),(3343,'검정색','300',100,13),(3344,'검정색','300',100,14),(3345,'검정색','300',100,15),(3346,'검정색','300',100,16),(3347,'검정색','300',100,17),(3348,'검정색','300',100,18),(3349,'검정색','300',100,19),(3350,'검정색','300',100,20),(3351,'검정색','300',100,21),(3352,'검정색','300',100,22),(3353,'검정색','300',100,23),(3354,'검정색','300',100,24),(3355,'검정색','300',100,25),(3356,'검정색','300',100,26),(3357,'검정색','300',100,27),(3358,'검정색','300',100,28),(3359,'검정색','300',100,29),(3360,'검정색','300',100,30),(3361,'검정색','305',100,1),(3362,'검정색','305',100,2),(3363,'검정색','305',100,3),(3364,'검정색','305',100,4),(3365,'검정색','305',100,5),(3366,'검정색','305',100,6),(3367,'검정색','305',100,7),(3368,'검정색','305',100,8),(3369,'검정색','305',100,9),(3370,'검정색','305',100,10),(3371,'검정색','305',100,11),(3372,'검정색','305',100,12),(3373,'검정색','305',100,13),(3374,'검정색','305',100,14),(3375,'검정색','305',100,15),(3376,'검정색','305',100,16),(3377,'검정색','305',100,17),(3378,'검정색','305',100,18),(3379,'검정색','305',100,19),(3380,'검정색','305',100,20),(3381,'검정색','305',100,21),(3382,'검정색','305',100,22),(3383,'검정색','305',100,23),(3384,'검정색','305',100,24),(3385,'검정색','305',100,25),(3386,'검정색','305',100,26),(3387,'검정색','305',100,27),(3388,'검정색','305',100,28),(3389,'검정색','305',100,29),(3390,'검정색','305',100,30),(3391,'검정색','310',100,1),(3392,'검정색','310',100,2),(3393,'검정색','310',100,3),(3394,'검정색','310',100,4),(3395,'검정색','310',100,5),(3396,'검정색','310',100,6),(3397,'검정색','310',100,7),(3398,'검정색','310',100,8),(3399,'검정색','310',100,9),(3400,'검정색','310',100,10),(3401,'검정색','310',100,11),(3402,'검정색','310',100,12),(3403,'검정색','310',100,13),(3404,'검정색','310',100,14),(3405,'검정색','310',100,15),(3406,'검정색','310',100,16),(3407,'검정색','310',100,17),(3408,'검정색','310',100,18),(3409,'검정색','310',100,19),(3410,'검정색','310',100,20),(3411,'검정색','310',100,21),(3412,'검정색','310',100,22),(3413,'검정색','310',100,23),(3414,'검정색','310',100,24),(3415,'검정색','310',100,25),(3416,'검정색','310',100,26),(3417,'검정색','310',100,27),(3418,'검정색','310',100,28),(3419,'검정색','310',100,29),(3420,'검정색','310',100,30),(3421,'멀티컬러','220',100,1),(3422,'멀티컬러','220',100,2),(3423,'멀티컬러','220',100,3),(3424,'멀티컬러','220',100,4),(3425,'멀티컬러','220',100,5),(3426,'멀티컬러','220',100,6),(3427,'멀티컬러','220',100,7),(3428,'멀티컬러','220',100,8),(3429,'멀티컬러','220',100,9),(3430,'멀티컬러','220',100,10),(3431,'멀티컬러','220',100,11),(3432,'멀티컬러','220',100,12),(3433,'멀티컬러','220',100,13),(3434,'멀티컬러','220',100,14),(3435,'멀티컬러','220',100,15),(3436,'멀티컬러','220',100,16),(3437,'멀티컬러','220',100,17),(3438,'멀티컬러','220',100,18),(3439,'멀티컬러','220',100,19),(3440,'멀티컬러','220',100,20),(3441,'멀티컬러','220',100,21),(3442,'멀티컬러','220',100,22),(3443,'멀티컬러','220',100,23),(3444,'멀티컬러','220',100,24),(3445,'멀티컬러','220',100,25),(3446,'멀티컬러','220',100,26),(3447,'멀티컬러','220',100,27),(3448,'멀티컬러','220',100,28),(3449,'멀티컬러','220',100,29),(3450,'멀티컬러','220',100,30),(3451,'멀티컬러','225',100,1),(3452,'멀티컬러','225',100,2),(3453,'멀티컬러','225',100,3),(3454,'멀티컬러','225',100,4),(3455,'멀티컬러','225',100,5),(3456,'멀티컬러','225',100,6),(3457,'멀티컬러','225',100,7),(3458,'멀티컬러','225',100,8),(3459,'멀티컬러','225',100,9),(3460,'멀티컬러','225',100,10),(3461,'멀티컬러','225',100,11),(3462,'멀티컬러','225',100,12),(3463,'멀티컬러','225',100,13),(3464,'멀티컬러','225',100,14),(3465,'멀티컬러','225',100,15),(3466,'멀티컬러','225',100,16),(3467,'멀티컬러','225',100,17),(3468,'멀티컬러','225',100,18),(3469,'멀티컬러','225',100,19),(3470,'멀티컬러','225',100,20),(3471,'멀티컬러','225',100,21),(3472,'멀티컬러','225',100,22),(3473,'멀티컬러','225',100,23),(3474,'멀티컬러','225',100,24),(3475,'멀티컬러','225',100,25),(3476,'멀티컬러','225',100,26),(3477,'멀티컬러','225',100,27),(3478,'멀티컬러','225',100,28),(3479,'멀티컬러','225',100,29),(3480,'멀티컬러','225',100,30),(3481,'멀티컬러','230',100,1),(3482,'멀티컬러','230',100,2),(3483,'멀티컬러','230',100,3),(3484,'멀티컬러','230',100,4),(3485,'멀티컬러','230',100,5),(3486,'멀티컬러','230',100,6),(3487,'멀티컬러','230',100,7),(3488,'멀티컬러','230',100,8),(3489,'멀티컬러','230',100,9),(3490,'멀티컬러','230',100,10),(3491,'멀티컬러','230',100,11),(3492,'멀티컬러','230',100,12),(3493,'멀티컬러','230',100,13),(3494,'멀티컬러','230',100,14),(3495,'멀티컬러','230',100,15),(3496,'멀티컬러','230',100,16),(3497,'멀티컬러','230',100,17),(3498,'멀티컬러','230',100,18),(3499,'멀티컬러','230',100,19),(3500,'멀티컬러','230',100,20),(3501,'멀티컬러','230',100,21),(3502,'멀티컬러','230',100,22),(3503,'멀티컬러','230',100,23),(3504,'멀티컬러','230',100,24),(3505,'멀티컬러','230',100,25),(3506,'멀티컬러','230',100,26),(3507,'멀티컬러','230',100,27),(3508,'멀티컬러','230',100,28),(3509,'멀티컬러','230',100,29),(3510,'멀티컬러','230',100,30),(3511,'멀티컬러','235',100,1),(3512,'멀티컬러','235',100,2),(3513,'멀티컬러','235',94,3),(3514,'멀티컬러','235',100,4),(3515,'멀티컬러','235',100,5),(3516,'멀티컬러','235',100,6),(3517,'멀티컬러','235',100,7),(3518,'멀티컬러','235',100,8),(3519,'멀티컬러','235',100,9),(3520,'멀티컬러','235',100,10),(3521,'멀티컬러','235',100,11),(3522,'멀티컬러','235',100,12),(3523,'멀티컬러','235',100,13),(3524,'멀티컬러','235',100,14),(3525,'멀티컬러','235',100,15),(3526,'멀티컬러','235',100,16),(3527,'멀티컬러','235',100,17),(3528,'멀티컬러','235',100,18),(3529,'멀티컬러','235',100,19),(3530,'멀티컬러','235',100,20),(3531,'멀티컬러','235',100,21),(3532,'멀티컬러','235',100,22),(3533,'멀티컬러','235',100,23),(3534,'멀티컬러','235',100,24),(3535,'멀티컬러','235',100,25),(3536,'멀티컬러','235',100,26),(3537,'멀티컬러','235',100,27),(3538,'멀티컬러','235',100,28),(3539,'멀티컬러','235',100,29),(3540,'멀티컬러','235',100,30),(3541,'멀티컬러','240',100,1),(3542,'멀티컬러','240',100,2),(3543,'멀티컬러','240',100,3),(3544,'멀티컬러','240',100,4),(3545,'멀티컬러','240',100,5),(3546,'멀티컬러','240',100,6),(3547,'멀티컬러','240',100,7),(3548,'멀티컬러','240',100,8),(3549,'멀티컬러','240',100,9),(3550,'멀티컬러','240',100,10),(3551,'멀티컬러','240',100,11),(3552,'멀티컬러','240',100,12),(3553,'멀티컬러','240',100,13),(3554,'멀티컬러','240',100,14),(3555,'멀티컬러','240',100,15),(3556,'멀티컬러','240',100,16),(3557,'멀티컬러','240',100,17),(3558,'멀티컬러','240',100,18),(3559,'멀티컬러','240',100,19),(3560,'멀티컬러','240',100,20),(3561,'멀티컬러','240',100,21),(3562,'멀티컬러','240',100,22),(3563,'멀티컬러','240',100,23),(3564,'멀티컬러','240',100,24),(3565,'멀티컬러','240',100,25),(3566,'멀티컬러','240',100,26),(3567,'멀티컬러','240',100,27),(3568,'멀티컬러','240',100,28),(3569,'멀티컬러','240',100,29),(3570,'멀티컬러','240',100,30),(3571,'멀티컬러','245',100,1),(3572,'멀티컬러','245',100,2),(3573,'멀티컬러','245',100,3),(3574,'멀티컬러','245',100,4),(3575,'멀티컬러','245',100,5),(3576,'멀티컬러','245',100,6),(3577,'멀티컬러','245',100,7),(3578,'멀티컬러','245',100,8),(3579,'멀티컬러','245',100,9),(3580,'멀티컬러','245',100,10),(3581,'멀티컬러','245',100,11),(3582,'멀티컬러','245',100,12),(3583,'멀티컬러','245',100,13),(3584,'멀티컬러','245',100,14),(3585,'멀티컬러','245',100,15),(3586,'멀티컬러','245',100,16),(3587,'멀티컬러','245',100,17),(3588,'멀티컬러','245',100,18),(3589,'멀티컬러','245',100,19),(3590,'멀티컬러','245',100,20),(3591,'멀티컬러','245',100,21),(3592,'멀티컬러','245',100,22),(3593,'멀티컬러','245',100,23),(3594,'멀티컬러','245',100,24),(3595,'멀티컬러','245',100,25),(3596,'멀티컬러','245',100,26),(3597,'멀티컬러','245',100,27),(3598,'멀티컬러','245',100,28),(3599,'멀티컬러','245',100,29),(3600,'멀티컬러','245',100,30),(3601,'멀티컬러','250',100,1),(3602,'멀티컬러','250',100,2),(3603,'멀티컬러','250',100,3),(3604,'멀티컬러','250',100,4),(3605,'멀티컬러','250',100,5),(3606,'멀티컬러','250',100,6),(3607,'멀티컬러','250',100,7),(3608,'멀티컬러','250',100,8),(3609,'멀티컬러','250',100,9),(3610,'멀티컬러','250',100,10),(3611,'멀티컬러','250',100,11),(3612,'멀티컬러','250',100,12),(3613,'멀티컬러','250',100,13),(3614,'멀티컬러','250',100,14),(3615,'멀티컬러','250',100,15),(3616,'멀티컬러','250',100,16),(3617,'멀티컬러','250',100,17),(3618,'멀티컬러','250',100,18),(3619,'멀티컬러','250',100,19),(3620,'멀티컬러','250',100,20),(3621,'멀티컬러','250',100,21),(3622,'멀티컬러','250',100,22),(3623,'멀티컬러','250',100,23),(3624,'멀티컬러','250',100,24),(3625,'멀티컬러','250',100,25),(3626,'멀티컬러','250',100,26),(3627,'멀티컬러','250',100,27),(3628,'멀티컬러','250',100,28),(3629,'멀티컬러','250',100,29),(3630,'멀티컬러','250',100,30),(3631,'멀티컬러','255',100,1),(3632,'멀티컬러','255',100,2),(3633,'멀티컬러','255',100,3),(3634,'멀티컬러','255',100,4),(3635,'멀티컬러','255',100,5),(3636,'멀티컬러','255',100,6),(3637,'멀티컬러','255',100,7),(3638,'멀티컬러','255',100,8),(3639,'멀티컬러','255',100,9),(3640,'멀티컬러','255',100,10),(3641,'멀티컬러','255',100,11),(3642,'멀티컬러','255',100,12),(3643,'멀티컬러','255',100,13),(3644,'멀티컬러','255',100,14),(3645,'멀티컬러','255',100,15),(3646,'멀티컬러','255',100,16),(3647,'멀티컬러','255',100,17),(3648,'멀티컬러','255',100,18),(3649,'멀티컬러','255',100,19),(3650,'멀티컬러','255',100,20),(3651,'멀티컬러','255',100,21),(3652,'멀티컬러','255',100,22),(3653,'멀티컬러','255',100,23),(3654,'멀티컬러','255',100,24),(3655,'멀티컬러','255',100,25),(3656,'멀티컬러','255',100,26),(3657,'멀티컬러','255',100,27),(3658,'멀티컬러','255',100,28),(3659,'멀티컬러','255',100,29),(3660,'멀티컬러','255',100,30),(3661,'멀티컬러','260',100,1),(3662,'멀티컬러','260',100,2),(3663,'멀티컬러','260',100,3),(3664,'멀티컬러','260',100,4),(3665,'멀티컬러','260',100,5),(3666,'멀티컬러','260',100,6),(3667,'멀티컬러','260',100,7),(3668,'멀티컬러','260',100,8),(3669,'멀티컬러','260',100,9),(3670,'멀티컬러','260',100,10),(3671,'멀티컬러','260',100,11),(3672,'멀티컬러','260',100,12),(3673,'멀티컬러','260',100,13),(3674,'멀티컬러','260',100,14),(3675,'멀티컬러','260',100,15),(3676,'멀티컬러','260',100,16),(3677,'멀티컬러','260',100,17),(3678,'멀티컬러','260',100,18),(3679,'멀티컬러','260',100,19),(3680,'멀티컬러','260',100,20),(3681,'멀티컬러','260',100,21),(3682,'멀티컬러','260',100,22),(3683,'멀티컬러','260',94,23),(3684,'멀티컬러','260',100,24),(3685,'멀티컬러','260',100,25),(3686,'멀티컬러','260',100,26),(3687,'멀티컬러','260',100,27),(3688,'멀티컬러','260',100,28),(3689,'멀티컬러','260',100,29),(3690,'멀티컬러','260',100,30),(3691,'멀티컬러','265',100,1),(3692,'멀티컬러','265',100,2),(3693,'멀티컬러','265',100,3),(3694,'멀티컬러','265',100,4),(3695,'멀티컬러','265',100,5),(3696,'멀티컬러','265',100,6),(3697,'멀티컬러','265',100,7),(3698,'멀티컬러','265',100,8),(3699,'멀티컬러','265',100,9),(3700,'멀티컬러','265',100,10),(3701,'멀티컬러','265',100,11),(3702,'멀티컬러','265',100,12),(3703,'멀티컬러','265',100,13),(3704,'멀티컬러','265',100,14),(3705,'멀티컬러','265',100,15),(3706,'멀티컬러','265',100,16),(3707,'멀티컬러','265',100,17),(3708,'멀티컬러','265',100,18),(3709,'멀티컬러','265',100,19),(3710,'멀티컬러','265',100,20),(3711,'멀티컬러','265',100,21),(3712,'멀티컬러','265',100,22),(3713,'멀티컬러','265',100,23),(3714,'멀티컬러','265',100,24),(3715,'멀티컬러','265',100,25),(3716,'멀티컬러','265',100,26),(3717,'멀티컬러','265',100,27),(3718,'멀티컬러','265',100,28),(3719,'멀티컬러','265',100,29),(3720,'멀티컬러','265',100,30),(3721,'멀티컬러','270',100,1),(3722,'멀티컬러','270',100,2),(3723,'멀티컬러','270',100,3),(3724,'멀티컬러','270',100,4),(3725,'멀티컬러','270',100,5),(3726,'멀티컬러','270',100,6),(3727,'멀티컬러','270',100,7),(3728,'멀티컬러','270',100,8),(3729,'멀티컬러','270',100,9),(3730,'멀티컬러','270',100,10),(3731,'멀티컬러','270',100,11),(3732,'멀티컬러','270',100,12),(3733,'멀티컬러','270',100,13),(3734,'멀티컬러','270',100,14),(3735,'멀티컬러','270',100,15),(3736,'멀티컬러','270',100,16),(3737,'멀티컬러','270',100,17),(3738,'멀티컬러','270',100,18),(3739,'멀티컬러','270',100,19),(3740,'멀티컬러','270',100,20),(3741,'멀티컬러','270',100,21),(3742,'멀티컬러','270',100,22),(3743,'멀티컬러','270',100,23),(3744,'멀티컬러','270',100,24),(3745,'멀티컬러','270',100,25),(3746,'멀티컬러','270',100,26),(3747,'멀티컬러','270',100,27),(3748,'멀티컬러','270',100,28),(3749,'멀티컬러','270',100,29),(3750,'멀티컬러','270',100,30),(3751,'멀티컬러','275',100,1),(3752,'멀티컬러','275',100,2),(3753,'멀티컬러','275',100,3),(3754,'멀티컬러','275',100,4),(3755,'멀티컬러','275',100,5),(3756,'멀티컬러','275',100,6),(3757,'멀티컬러','275',100,7),(3758,'멀티컬러','275',100,8),(3759,'멀티컬러','275',100,9),(3760,'멀티컬러','275',100,10),(3761,'멀티컬러','275',100,11),(3762,'멀티컬러','275',100,12),(3763,'멀티컬러','275',100,13),(3764,'멀티컬러','275',100,14),(3765,'멀티컬러','275',100,15),(3766,'멀티컬러','275',100,16),(3767,'멀티컬러','275',100,17),(3768,'멀티컬러','275',100,18),(3769,'멀티컬러','275',100,19),(3770,'멀티컬러','275',100,20),(3771,'멀티컬러','275',100,21),(3772,'멀티컬러','275',100,22),(3773,'멀티컬러','275',100,23),(3774,'멀티컬러','275',100,24),(3775,'멀티컬러','275',100,25),(3776,'멀티컬러','275',100,26),(3777,'멀티컬러','275',100,27),(3778,'멀티컬러','275',100,28),(3779,'멀티컬러','275',100,29),(3780,'멀티컬러','275',100,30),(3781,'멀티컬러','280',100,1),(3782,'멀티컬러','280',100,2),(3783,'멀티컬러','280',100,3),(3784,'멀티컬러','280',100,4),(3785,'멀티컬러','280',100,5),(3786,'멀티컬러','280',100,6),(3787,'멀티컬러','280',100,7),(3788,'멀티컬러','280',100,8),(3789,'멀티컬러','280',100,9),(3790,'멀티컬러','280',100,10),(3791,'멀티컬러','280',100,11),(3792,'멀티컬러','280',100,12),(3793,'멀티컬러','280',100,13),(3794,'멀티컬러','280',100,14),(3795,'멀티컬러','280',100,15),(3796,'멀티컬러','280',100,16),(3797,'멀티컬러','280',100,17),(3798,'멀티컬러','280',100,18),(3799,'멀티컬러','280',100,19),(3800,'멀티컬러','280',100,20),(3801,'멀티컬러','280',100,21),(3802,'멀티컬러','280',100,22),(3803,'멀티컬러','280',100,23),(3804,'멀티컬러','280',100,24),(3805,'멀티컬러','280',100,25),(3806,'멀티컬러','280',100,26),(3807,'멀티컬러','280',100,27),(3808,'멀티컬러','280',100,28),(3809,'멀티컬러','280',100,29),(3810,'멀티컬러','280',100,30),(3811,'멀티컬러','285',100,1),(3812,'멀티컬러','285',100,2),(3813,'멀티컬러','285',100,3),(3814,'멀티컬러','285',100,4),(3815,'멀티컬러','285',100,5),(3816,'멀티컬러','285',100,6),(3817,'멀티컬러','285',100,7),(3818,'멀티컬러','285',100,8),(3819,'멀티컬러','285',100,9),(3820,'멀티컬러','285',100,10),(3821,'멀티컬러','285',100,11),(3822,'멀티컬러','285',100,12),(3823,'멀티컬러','285',100,13),(3824,'멀티컬러','285',100,14),(3825,'멀티컬러','285',100,15),(3826,'멀티컬러','285',100,16),(3827,'멀티컬러','285',100,17),(3828,'멀티컬러','285',100,18),(3829,'멀티컬러','285',100,19),(3830,'멀티컬러','285',100,20),(3831,'멀티컬러','285',100,21),(3832,'멀티컬러','285',100,22),(3833,'멀티컬러','285',100,23),(3834,'멀티컬러','285',100,24),(3835,'멀티컬러','285',100,25),(3836,'멀티컬러','285',100,26),(3837,'멀티컬러','285',100,27),(3838,'멀티컬러','285',100,28),(3839,'멀티컬러','285',100,29),(3840,'멀티컬러','285',100,30),(3841,'멀티컬러','290',100,1),(3842,'멀티컬러','290',100,2),(3843,'멀티컬러','290',100,3),(3844,'멀티컬러','290',100,4),(3845,'멀티컬러','290',100,5),(3846,'멀티컬러','290',100,6),(3847,'멀티컬러','290',100,7),(3848,'멀티컬러','290',100,8),(3849,'멀티컬러','290',100,9),(3850,'멀티컬러','290',100,10),(3851,'멀티컬러','290',100,11),(3852,'멀티컬러','290',100,12),(3853,'멀티컬러','290',100,13),(3854,'멀티컬러','290',100,14),(3855,'멀티컬러','290',100,15),(3856,'멀티컬러','290',100,16),(3857,'멀티컬러','290',100,17),(3858,'멀티컬러','290',100,18),(3859,'멀티컬러','290',100,19),(3860,'멀티컬러','290',100,20),(3861,'멀티컬러','290',100,21),(3862,'멀티컬러','290',100,22),(3863,'멀티컬러','290',100,23),(3864,'멀티컬러','290',100,24),(3865,'멀티컬러','290',100,25),(3866,'멀티컬러','290',100,26),(3867,'멀티컬러','290',100,27),(3868,'멀티컬러','290',100,28),(3869,'멀티컬러','290',100,29),(3870,'멀티컬러','290',100,30),(3871,'멀티컬러','295',100,1),(3872,'멀티컬러','295',100,2),(3873,'멀티컬러','295',100,3),(3874,'멀티컬러','295',100,4),(3875,'멀티컬러','295',100,5),(3876,'멀티컬러','295',100,6),(3877,'멀티컬러','295',100,7),(3878,'멀티컬러','295',100,8),(3879,'멀티컬러','295',100,9),(3880,'멀티컬러','295',100,10),(3881,'멀티컬러','295',100,11),(3882,'멀티컬러','295',100,12),(3883,'멀티컬러','295',100,13),(3884,'멀티컬러','295',100,14),(3885,'멀티컬러','295',100,15),(3886,'멀티컬러','295',100,16),(3887,'멀티컬러','295',100,17),(3888,'멀티컬러','295',100,18),(3889,'멀티컬러','295',100,19),(3890,'멀티컬러','295',100,20),(3891,'멀티컬러','295',100,21),(3892,'멀티컬러','295',100,22),(3893,'멀티컬러','295',100,23),(3894,'멀티컬러','295',100,24),(3895,'멀티컬러','295',100,25),(3896,'멀티컬러','295',100,26),(3897,'멀티컬러','295',100,27),(3898,'멀티컬러','295',100,28),(3899,'멀티컬러','295',100,29),(3900,'멀티컬러','295',100,30),(3901,'멀티컬러','300',100,1),(3902,'멀티컬러','300',100,2),(3903,'멀티컬러','300',100,3),(3904,'멀티컬러','300',100,4),(3905,'멀티컬러','300',100,5),(3906,'멀티컬러','300',100,6),(3907,'멀티컬러','300',100,7),(3908,'멀티컬러','300',100,8),(3909,'멀티컬러','300',100,9),(3910,'멀티컬러','300',100,10),(3911,'멀티컬러','300',100,11),(3912,'멀티컬러','300',100,12),(3913,'멀티컬러','300',100,13),(3914,'멀티컬러','300',100,14),(3915,'멀티컬러','300',100,15),(3916,'멀티컬러','300',100,16),(3917,'멀티컬러','300',100,17),(3918,'멀티컬러','300',100,18),(3919,'멀티컬러','300',100,19),(3920,'멀티컬러','300',100,20),(3921,'멀티컬러','300',100,21),(3922,'멀티컬러','300',100,22),(3923,'멀티컬러','300',100,23),(3924,'멀티컬러','300',100,24),(3925,'멀티컬러','300',100,25),(3926,'멀티컬러','300',100,26),(3927,'멀티컬러','300',100,27),(3928,'멀티컬러','300',100,28),(3929,'멀티컬러','300',100,29),(3930,'멀티컬러','300',100,30),(3931,'멀티컬러','305',100,1),(3932,'멀티컬러','305',100,2),(3933,'멀티컬러','305',100,3),(3934,'멀티컬러','305',100,4),(3935,'멀티컬러','305',100,5),(3936,'멀티컬러','305',100,6),(3937,'멀티컬러','305',100,7),(3938,'멀티컬러','305',100,8),(3939,'멀티컬러','305',100,9),(3940,'멀티컬러','305',100,10),(3941,'멀티컬러','305',100,11),(3942,'멀티컬러','305',100,12),(3943,'멀티컬러','305',100,13),(3944,'멀티컬러','305',100,14),(3945,'멀티컬러','305',100,15),(3946,'멀티컬러','305',100,16),(3947,'멀티컬러','305',100,17),(3948,'멀티컬러','305',100,18),(3949,'멀티컬러','305',100,19),(3950,'멀티컬러','305',100,20),(3951,'멀티컬러','305',100,21),(3952,'멀티컬러','305',100,22),(3953,'멀티컬러','305',100,23),(3954,'멀티컬러','305',100,24),(3955,'멀티컬러','305',100,25),(3956,'멀티컬러','305',100,26),(3957,'멀티컬러','305',100,27),(3958,'멀티컬러','305',100,28),(3959,'멀티컬러','305',100,29),(3960,'멀티컬러','305',100,30),(3961,'멀티컬러','310',100,1),(3962,'멀티컬러','310',100,2),(3963,'멀티컬러','310',100,3),(3964,'멀티컬러','310',100,4),(3965,'멀티컬러','310',100,5),(3966,'멀티컬러','310',100,6),(3967,'멀티컬러','310',100,7),(3968,'멀티컬러','310',100,8),(3969,'멀티컬러','310',100,9),(3970,'멀티컬러','310',100,10),(3971,'멀티컬러','310',100,11),(3972,'멀티컬러','310',100,12),(3973,'멀티컬러','310',100,13),(3974,'멀티컬러','310',100,14),(3975,'멀티컬러','310',100,15),(3976,'멀티컬러','310',100,16),(3977,'멀티컬러','310',100,17),(3978,'멀티컬러','310',100,18),(3979,'멀티컬러','310',100,19),(3980,'멀티컬러','310',100,20),(3981,'멀티컬러','310',100,21),(3982,'멀티컬러','310',100,22),(3983,'멀티컬러','310',100,23),(3984,'멀티컬러','310',100,24),(3985,'멀티컬러','310',100,25),(3986,'멀티컬러','310',100,26),(3987,'멀티컬러','310',100,27),(3988,'멀티컬러','310',100,28),(3989,'멀티컬러','310',100,29),(3990,'멀티컬러','310',100,30),(3991,'녹색','220',100,1),(3992,'녹색','220',100,2),(3993,'녹색','220',100,3),(3994,'녹색','220',100,4),(3995,'녹색','220',100,5),(3996,'녹색','220',100,6),(3997,'녹색','220',100,7),(3998,'녹색','220',100,8),(3999,'녹색','220',100,9),(4000,'녹색','220',100,10),(4001,'녹색','220',100,11),(4002,'녹색','220',100,12),(4003,'녹색','220',100,13),(4004,'녹색','220',100,14),(4005,'녹색','220',100,15),(4006,'녹색','220',100,16),(4007,'녹색','220',100,17),(4008,'녹색','220',100,18),(4009,'녹색','220',100,19),(4010,'녹색','220',100,20),(4011,'녹색','220',100,21),(4012,'녹색','220',100,22),(4013,'녹색','220',100,23),(4014,'녹색','220',100,24),(4015,'녹색','220',100,25),(4016,'녹색','220',100,26),(4017,'녹색','220',100,27),(4018,'녹색','220',100,28),(4019,'녹색','220',100,29),(4020,'녹색','220',100,30),(4021,'녹색','225',100,1),(4022,'녹색','225',100,2),(4023,'녹색','225',100,3),(4024,'녹색','225',100,4),(4025,'녹색','225',100,5),(4026,'녹색','225',100,6),(4027,'녹색','225',100,7),(4028,'녹색','225',100,8),(4029,'녹색','225',100,9),(4030,'녹색','225',100,10),(4031,'녹색','225',100,11),(4032,'녹색','225',100,12),(4033,'녹색','225',100,13),(4034,'녹색','225',100,14),(4035,'녹색','225',100,15),(4036,'녹색','225',100,16),(4037,'녹색','225',100,17),(4038,'녹색','225',100,18),(4039,'녹색','225',100,19),(4040,'녹색','225',100,20),(4041,'녹색','225',100,21),(4042,'녹색','225',100,22),(4043,'녹색','225',100,23),(4044,'녹색','225',100,24),(4045,'녹색','225',100,25),(4046,'녹색','225',100,26),(4047,'녹색','225',100,27),(4048,'녹색','225',100,28),(4049,'녹색','225',100,29),(4050,'녹색','225',100,30),(4051,'녹색','230',100,1),(4052,'녹색','230',100,2),(4053,'녹색','230',100,3),(4054,'녹색','230',100,4),(4055,'녹색','230',100,5),(4056,'녹색','230',100,6),(4057,'녹색','230',100,7),(4058,'녹색','230',100,8),(4059,'녹색','230',100,9),(4060,'녹색','230',100,10),(4061,'녹색','230',100,11),(4062,'녹색','230',100,12),(4063,'녹색','230',100,13),(4064,'녹색','230',100,14),(4065,'녹색','230',100,15),(4066,'녹색','230',100,16),(4067,'녹색','230',100,17),(4068,'녹색','230',100,18),(4069,'녹색','230',100,19),(4070,'녹색','230',100,20),(4071,'녹색','230',100,21),(4072,'녹색','230',100,22),(4073,'녹색','230',100,23),(4074,'녹색','230',100,24),(4075,'녹색','230',100,25),(4076,'녹색','230',100,26),(4077,'녹색','230',100,27),(4078,'녹색','230',100,28),(4079,'녹색','230',100,29),(4080,'녹색','230',100,30),(4081,'녹색','235',100,1),(4082,'녹색','235',100,2),(4083,'녹색','235',100,3),(4084,'녹색','235',100,4),(4085,'녹색','235',100,5),(4086,'녹색','235',100,6),(4087,'녹색','235',100,7),(4088,'녹색','235',100,8),(4089,'녹색','235',100,9),(4090,'녹색','235',100,10),(4091,'녹색','235',100,11),(4092,'녹색','235',100,12),(4093,'녹색','235',100,13),(4094,'녹색','235',100,14),(4095,'녹색','235',100,15),(4096,'녹색','235',100,16),(4097,'녹색','235',100,17),(4098,'녹색','235',100,18),(4099,'녹색','235',100,19),(4100,'녹색','235',100,20),(4101,'녹색','235',100,21),(4102,'녹색','235',100,22),(4103,'녹색','235',100,23),(4104,'녹색','235',100,24),(4105,'녹색','235',100,25),(4106,'녹색','235',100,26),(4107,'녹색','235',100,27),(4108,'녹색','235',100,28),(4109,'녹색','235',100,29),(4110,'녹색','235',100,30),(4111,'녹색','240',100,1),(4112,'녹색','240',100,2),(4113,'녹색','240',100,3),(4114,'녹색','240',100,4),(4115,'녹색','240',100,5),(4116,'녹색','240',100,6),(4117,'녹색','240',100,7),(4118,'녹색','240',100,8),(4119,'녹색','240',100,9),(4120,'녹색','240',100,10),(4121,'녹색','240',100,11),(4122,'녹색','240',100,12),(4123,'녹색','240',100,13),(4124,'녹색','240',100,14),(4125,'녹색','240',100,15),(4126,'녹색','240',100,16),(4127,'녹색','240',100,17),(4128,'녹색','240',100,18),(4129,'녹색','240',100,19),(4130,'녹색','240',100,20),(4131,'녹색','240',100,21),(4132,'녹색','240',100,22),(4133,'녹색','240',100,23),(4134,'녹색','240',100,24),(4135,'녹색','240',100,25),(4136,'녹색','240',100,26),(4137,'녹색','240',100,27),(4138,'녹색','240',100,28),(4139,'녹색','240',100,29),(4140,'녹색','240',100,30),(4141,'녹색','245',100,1),(4142,'녹색','245',100,2),(4143,'녹색','245',100,3),(4144,'녹색','245',100,4),(4145,'녹색','245',100,5),(4146,'녹색','245',100,6),(4147,'녹색','245',100,7),(4148,'녹색','245',100,8),(4149,'녹색','245',100,9),(4150,'녹색','245',100,10),(4151,'녹색','245',100,11),(4152,'녹색','245',100,12),(4153,'녹색','245',100,13),(4154,'녹색','245',100,14),(4155,'녹색','245',100,15),(4156,'녹색','245',100,16),(4157,'녹색','245',100,17),(4158,'녹색','245',100,18),(4159,'녹색','245',100,19),(4160,'녹색','245',100,20),(4161,'녹색','245',100,21),(4162,'녹색','245',100,22),(4163,'녹색','245',100,23),(4164,'녹색','245',100,24),(4165,'녹색','245',100,25),(4166,'녹색','245',100,26),(4167,'녹색','245',100,27),(4168,'녹색','245',100,28),(4169,'녹색','245',100,29),(4170,'녹색','245',100,30),(4171,'녹색','250',100,1),(4172,'녹색','250',100,2),(4173,'녹색','250',100,3),(4174,'녹색','250',100,4),(4175,'녹색','250',100,5),(4176,'녹색','250',100,6),(4177,'녹색','250',100,7),(4178,'녹색','250',100,8),(4179,'녹색','250',100,9),(4180,'녹색','250',100,10),(4181,'녹색','250',100,11),(4182,'녹색','250',100,12),(4183,'녹색','250',100,13),(4184,'녹색','250',100,14),(4185,'녹색','250',100,15),(4186,'녹색','250',100,16),(4187,'녹색','250',100,17),(4188,'녹색','250',100,18),(4189,'녹색','250',100,19),(4190,'녹색','250',100,20),(4191,'녹색','250',100,21),(4192,'녹색','250',100,22),(4193,'녹색','250',100,23),(4194,'녹색','250',100,24),(4195,'녹색','250',100,25),(4196,'녹색','250',100,26),(4197,'녹색','250',100,27),(4198,'녹색','250',100,28),(4199,'녹색','250',100,29),(4200,'녹색','250',100,30),(4201,'녹색','255',100,1),(4202,'녹색','255',100,2),(4203,'녹색','255',100,3),(4204,'녹색','255',100,4),(4205,'녹색','255',100,5),(4206,'녹색','255',100,6),(4207,'녹색','255',100,7),(4208,'녹색','255',100,8),(4209,'녹색','255',100,9),(4210,'녹색','255',100,10),(4211,'녹색','255',100,11),(4212,'녹색','255',100,12),(4213,'녹색','255',100,13),(4214,'녹색','255',100,14),(4215,'녹색','255',100,15),(4216,'녹색','255',100,16),(4217,'녹색','255',100,17),(4218,'녹색','255',100,18),(4219,'녹색','255',100,19),(4220,'녹색','255',100,20),(4221,'녹색','255',100,21),(4222,'녹색','255',100,22),(4223,'녹색','255',100,23),(4224,'녹색','255',100,24),(4225,'녹색','255',100,25),(4226,'녹색','255',100,26),(4227,'녹색','255',100,27),(4228,'녹색','255',100,28),(4229,'녹색','255',100,29),(4230,'녹색','255',100,30),(4231,'녹색','260',100,1),(4232,'녹색','260',100,2),(4233,'녹색','260',100,3),(4234,'녹색','260',100,4),(4235,'녹색','260',100,5),(4236,'녹색','260',100,6),(4237,'녹색','260',100,7),(4238,'녹색','260',100,8),(4239,'녹색','260',100,9),(4240,'녹색','260',100,10),(4241,'녹색','260',100,11),(4242,'녹색','260',100,12),(4243,'녹색','260',100,13),(4244,'녹색','260',100,14),(4245,'녹색','260',100,15),(4246,'녹색','260',100,16),(4247,'녹색','260',100,17),(4248,'녹색','260',100,18),(4249,'녹색','260',100,19),(4250,'녹색','260',100,20),(4251,'녹색','260',100,21),(4252,'녹색','260',100,22),(4253,'녹색','260',100,23),(4254,'녹색','260',100,24),(4255,'녹색','260',100,25),(4256,'녹색','260',100,26),(4257,'녹색','260',100,27),(4258,'녹색','260',100,28),(4259,'녹색','260',100,29),(4260,'녹색','260',100,30),(4261,'녹색','265',100,1),(4262,'녹색','265',100,2),(4263,'녹색','265',100,3),(4264,'녹색','265',100,4),(4265,'녹색','265',100,5),(4266,'녹색','265',100,6),(4267,'녹색','265',100,7),(4268,'녹색','265',100,8),(4269,'녹색','265',100,9),(4270,'녹색','265',100,10),(4271,'녹색','265',100,11),(4272,'녹색','265',100,12),(4273,'녹색','265',100,13),(4274,'녹색','265',100,14),(4275,'녹색','265',100,15),(4276,'녹색','265',100,16),(4277,'녹색','265',100,17),(4278,'녹색','265',100,18),(4279,'녹색','265',100,19),(4280,'녹색','265',100,20),(4281,'녹색','265',100,21),(4282,'녹색','265',100,22),(4283,'녹색','265',100,23),(4284,'녹색','265',100,24),(4285,'녹색','265',100,25),(4286,'녹색','265',100,26),(4287,'녹색','265',100,27),(4288,'녹색','265',100,28),(4289,'녹색','265',100,29),(4290,'녹색','265',100,30),(4291,'녹색','270',100,1),(4292,'녹색','270',100,2),(4293,'녹색','270',100,3),(4294,'녹색','270',100,4),(4295,'녹색','270',100,5),(4296,'녹색','270',100,6),(4297,'녹색','270',100,7),(4298,'녹색','270',100,8),(4299,'녹색','270',100,9),(4300,'녹색','270',100,10),(4301,'녹색','270',100,11),(4302,'녹색','270',100,12),(4303,'녹색','270',100,13),(4304,'녹색','270',100,14),(4305,'녹색','270',100,15),(4306,'녹색','270',100,16),(4307,'녹색','270',100,17),(4308,'녹색','270',100,18),(4309,'녹색','270',100,19),(4310,'녹색','270',100,20),(4311,'녹색','270',100,21),(4312,'녹색','270',100,22),(4313,'녹색','270',100,23),(4314,'녹색','270',100,24),(4315,'녹색','270',100,25),(4316,'녹색','270',100,26),(4317,'녹색','270',100,27),(4318,'녹색','270',100,28),(4319,'녹색','270',100,29),(4320,'녹색','270',100,30),(4321,'녹색','275',100,1),(4322,'녹색','275',100,2),(4323,'녹색','275',100,3),(4324,'녹색','275',100,4),(4325,'녹색','275',100,5),(4326,'녹색','275',100,6),(4327,'녹색','275',100,7),(4328,'녹색','275',100,8),(4329,'녹색','275',100,9),(4330,'녹색','275',100,10),(4331,'녹색','275',100,11),(4332,'녹색','275',100,12),(4333,'녹색','275',100,13),(4334,'녹색','275',100,14),(4335,'녹색','275',100,15),(4336,'녹색','275',100,16),(4337,'녹색','275',100,17),(4338,'녹색','275',100,18),(4339,'녹색','275',100,19),(4340,'녹색','275',100,20),(4341,'녹색','275',100,21),(4342,'녹색','275',100,22),(4343,'녹색','275',100,23),(4344,'녹색','275',100,24),(4345,'녹색','275',100,25),(4346,'녹색','275',100,26),(4347,'녹색','275',100,27),(4348,'녹색','275',100,28),(4349,'녹색','275',100,29),(4350,'녹색','275',100,30),(4351,'녹색','280',100,1),(4352,'녹색','280',100,2),(4353,'녹색','280',100,3),(4354,'녹색','280',100,4),(4355,'녹색','280',100,5),(4356,'녹색','280',100,6),(4357,'녹색','280',100,7),(4358,'녹색','280',100,8),(4359,'녹색','280',100,9),(4360,'녹색','280',100,10),(4361,'녹색','280',100,11),(4362,'녹색','280',100,12),(4363,'녹색','280',100,13),(4364,'녹색','280',100,14),(4365,'녹색','280',100,15),(4366,'녹색','280',100,16),(4367,'녹색','280',100,17),(4368,'녹색','280',100,18),(4369,'녹색','280',100,19),(4370,'녹색','280',100,20),(4371,'녹색','280',100,21),(4372,'녹색','280',100,22),(4373,'녹색','280',100,23),(4374,'녹색','280',100,24),(4375,'녹색','280',100,25),(4376,'녹색','280',100,26),(4377,'녹색','280',100,27),(4378,'녹색','280',100,28),(4379,'녹색','280',100,29),(4380,'녹색','280',100,30),(4381,'녹색','285',100,1),(4382,'녹색','285',100,2),(4383,'녹색','285',100,3),(4384,'녹색','285',100,4),(4385,'녹색','285',100,5),(4386,'녹색','285',100,6),(4387,'녹색','285',100,7),(4388,'녹색','285',100,8),(4389,'녹색','285',100,9),(4390,'녹색','285',100,10),(4391,'녹색','285',100,11),(4392,'녹색','285',100,12),(4393,'녹색','285',100,13),(4394,'녹색','285',100,14),(4395,'녹색','285',100,15),(4396,'녹색','285',100,16),(4397,'녹색','285',100,17),(4398,'녹색','285',100,18),(4399,'녹색','285',100,19),(4400,'녹색','285',100,20),(4401,'녹색','285',100,21),(4402,'녹색','285',100,22),(4403,'녹색','285',100,23),(4404,'녹색','285',100,24),(4405,'녹색','285',100,25),(4406,'녹색','285',100,26),(4407,'녹색','285',100,27),(4408,'녹색','285',100,28),(4409,'녹색','285',100,29),(4410,'녹색','285',100,30),(4411,'녹색','290',100,1),(4412,'녹색','290',100,2),(4413,'녹색','290',100,3),(4414,'녹색','290',100,4),(4415,'녹색','290',100,5),(4416,'녹색','290',100,6),(4417,'녹색','290',100,7),(4418,'녹색','290',100,8),(4419,'녹색','290',100,9),(4420,'녹색','290',100,10),(4421,'녹색','290',100,11),(4422,'녹색','290',100,12),(4423,'녹색','290',100,13),(4424,'녹색','290',100,14),(4425,'녹색','290',100,15),(4426,'녹색','290',100,16),(4427,'녹색','290',100,17),(4428,'녹색','290',100,18),(4429,'녹색','290',100,19),(4430,'녹색','290',100,20),(4431,'녹색','290',100,21),(4432,'녹색','290',100,22),(4433,'녹색','290',100,23),(4434,'녹색','290',100,24),(4435,'녹색','290',100,25),(4436,'녹색','290',100,26),(4437,'녹색','290',100,27),(4438,'녹색','290',100,28),(4439,'녹색','290',100,29),(4440,'녹색','290',100,30),(4441,'녹색','295',100,1),(4442,'녹색','295',100,2),(4443,'녹색','295',100,3),(4444,'녹색','295',100,4),(4445,'녹색','295',100,5),(4446,'녹색','295',100,6),(4447,'녹색','295',100,7),(4448,'녹색','295',100,8),(4449,'녹색','295',100,9),(4450,'녹색','295',100,10),(4451,'녹색','295',100,11),(4452,'녹색','295',100,12),(4453,'녹색','295',100,13),(4454,'녹색','295',100,14),(4455,'녹색','295',100,15),(4456,'녹색','295',100,16),(4457,'녹색','295',100,17),(4458,'녹색','295',100,18),(4459,'녹색','295',100,19),(4460,'녹색','295',100,20),(4461,'녹색','295',100,21),(4462,'녹색','295',100,22),(4463,'녹색','295',100,23),(4464,'녹색','295',100,24),(4465,'녹색','295',100,25),(4466,'녹색','295',100,26),(4467,'녹색','295',100,27),(4468,'녹색','295',100,28),(4469,'녹색','295',100,29),(4470,'녹색','295',100,30),(4471,'녹색','300',100,1),(4472,'녹색','300',100,2),(4473,'녹색','300',100,3),(4474,'녹색','300',100,4),(4475,'녹색','300',100,5),(4476,'녹색','300',100,6),(4477,'녹색','300',100,7),(4478,'녹색','300',100,8),(4479,'녹색','300',100,9),(4480,'녹색','300',100,10),(4481,'녹색','300',100,11),(4482,'녹색','300',100,12),(4483,'녹색','300',100,13),(4484,'녹색','300',100,14),(4485,'녹색','300',100,15),(4486,'녹색','300',100,16),(4487,'녹색','300',100,17),(4488,'녹색','300',100,18),(4489,'녹색','300',100,19),(4490,'녹색','300',100,20),(4491,'녹색','300',100,21),(4492,'녹색','300',100,22),(4493,'녹색','300',100,23),(4494,'녹색','300',100,24),(4495,'녹색','300',100,25),(4496,'녹색','300',100,26),(4497,'녹색','300',100,27),(4498,'녹색','300',100,28),(4499,'녹색','300',100,29),(4500,'녹색','300',100,30),(4501,'녹색','305',100,1),(4502,'녹색','305',100,2),(4503,'녹색','305',100,3),(4504,'녹색','305',100,4),(4505,'녹색','305',100,5),(4506,'녹색','305',100,6),(4507,'녹색','305',100,7),(4508,'녹색','305',100,8),(4509,'녹색','305',100,9),(4510,'녹색','305',100,10),(4511,'녹색','305',100,11),(4512,'녹색','305',100,12),(4513,'녹색','305',100,13),(4514,'녹색','305',100,14),(4515,'녹색','305',100,15),(4516,'녹색','305',100,16),(4517,'녹색','305',100,17),(4518,'녹색','305',100,18),(4519,'녹색','305',100,19),(4520,'녹색','305',100,20),(4521,'녹색','305',100,21),(4522,'녹색','305',100,22),(4523,'녹색','305',100,23),(4524,'녹색','305',100,24),(4525,'녹색','305',100,25),(4526,'녹색','305',100,26),(4527,'녹색','305',100,27),(4528,'녹색','305',100,28),(4529,'녹색','305',100,29),(4530,'녹색','305',100,30),(4531,'녹색','310',100,1),(4532,'녹색','310',100,2),(4533,'녹색','310',100,3),(4534,'녹색','310',100,4),(4535,'녹색','310',100,5),(4536,'녹색','310',100,6),(4537,'녹색','310',100,7),(4538,'녹색','310',100,8),(4539,'녹색','310',100,9),(4540,'녹색','310',100,10),(4541,'녹색','310',100,11),(4542,'녹색','310',100,12),(4543,'녹색','310',100,13),(4544,'녹색','310',100,14),(4545,'녹색','310',100,15),(4546,'녹색','310',100,16),(4547,'녹색','310',100,17),(4548,'녹색','310',100,18),(4549,'녹색','310',100,19),(4550,'녹색','310',100,20),(4551,'녹색','310',100,21),(4552,'녹색','310',100,22),(4553,'녹색','310',100,23),(4554,'녹색','310',100,24),(4555,'녹색','310',100,25),(4556,'녹색','310',100,26),(4557,'녹색','310',100,27),(4558,'녹색','310',100,28),(4559,'녹색','310',100,29),(4560,'녹색','310',100,30);
/*!40000 ALTER TABLE `options` ENABLE KEYS */;
UNLOCK TABLES;

--
-- Table structure for table `order_options`
--

DROP TABLE IF EXISTS `order_options`;
/*!40101 SET @saved_cs_client     = @@character_set_client */;
/*!50503 SET character_set_client = utf8mb4 */;
CREATE TABLE `order_options` (
  `order_id` int NOT NULL,
  `option_id` int NOT NULL,
  PRIMARY KEY (`order_id`,`option_id`),
  KEY `IDX_2ffd0ee1ed5f8bf7cf27077d49` (`order_id`),
  KEY `IDX_96951bc138f8ef34f626d7e311` (`option_id`),
  CONSTRAINT `FK_2ffd0ee1ed5f8bf7cf27077d497` FOREIGN KEY (`order_id`) REFERENCES `orders` (`id`) ON DELETE CASCADE ON UPDATE CASCADE,
  CONSTRAINT `FK_96951bc138f8ef34f626d7e3110` FOREIGN KEY (`option_id`) REFERENCES `options` (`id`) ON DELETE CASCADE ON UPDATE CASCADE
) ENGINE=InnoDB DEFAULT CHARSET=utf8mb4 COLLATE=utf8mb4_0900_ai_ci;
/*!40101 SET character_set_client = @saved_cs_client */;

--
-- Dumping data for table `order_options`
--

LOCK TABLES `order_options` WRITE;
/*!40000 ALTER TABLE `order_options` DISABLE KEYS */;
/*!40000 ALTER TABLE `order_options` ENABLE KEYS */;
UNLOCK TABLES;

--
-- Table structure for table `order_status`
--

DROP TABLE IF EXISTS `order_status`;
/*!40101 SET @saved_cs_client     = @@character_set_client */;
/*!50503 SET character_set_client = utf8mb4 */;
CREATE TABLE `order_status` (
  `id` int NOT NULL AUTO_INCREMENT,
  `status` varchar(100) NOT NULL,
  PRIMARY KEY (`id`),
  UNIQUE KEY `IDX_cebd2e1627ddddc1857fd335bc` (`status`)
) ENGINE=InnoDB AUTO_INCREMENT=9 DEFAULT CHARSET=utf8mb4 COLLATE=utf8mb4_0900_ai_ci;
/*!40101 SET character_set_client = @saved_cs_client */;

--
-- Dumping data for table `order_status`
--

LOCK TABLES `order_status` WRITE;
/*!40000 ALTER TABLE `order_status` DISABLE KEYS */;
INSERT INTO `order_status` VALUES (6,'CANCELLED'),(5,'DELIVERED'),(1,'FAILED'),(2,'PAID'),(3,'PROCESSING'),(7,'REFUNDED'),(8,'RETURNED'),(4,'SHIPPED');
/*!40000 ALTER TABLE `order_status` ENABLE KEYS */;
UNLOCK TABLES;

--
-- Table structure for table `orders`
--

DROP TABLE IF EXISTS `orders`;
/*!40101 SET @saved_cs_client     = @@character_set_client */;
/*!50503 SET character_set_client = utf8mb4 */;
CREATE TABLE `orders` (
  `id` int NOT NULL AUTO_INCREMENT,
  `total_quantity` int NOT NULL,
  `total_price` decimal(65,3) NOT NULL,
  `order_number` varchar(500) NOT NULL,
  `order_date` timestamp NOT NULL DEFAULT CURRENT_TIMESTAMP,
  `created_at` timestamp NOT NULL DEFAULT CURRENT_TIMESTAMP,
  `updated_at` timestamp NULL DEFAULT NULL ON UPDATE CURRENT_TIMESTAMP,
  `user_id` int DEFAULT NULL,
  `order_status_id` int DEFAULT NULL,
  PRIMARY KEY (`id`),
  KEY `FK_a922b820eeef29ac1c6800e826a` (`user_id`),
  KEY `FK_f51b75ebdfdef60d264f982a60f` (`order_status_id`),
  CONSTRAINT `FK_a922b820eeef29ac1c6800e826a` FOREIGN KEY (`user_id`) REFERENCES `users` (`id`),
  CONSTRAINT `FK_f51b75ebdfdef60d264f982a60f` FOREIGN KEY (`order_status_id`) REFERENCES `order_status` (`id`)
) ENGINE=InnoDB DEFAULT CHARSET=utf8mb4 COLLATE=utf8mb4_0900_ai_ci;
/*!40101 SET character_set_client = @saved_cs_client */;

--
-- Dumping data for table `orders`
--

LOCK TABLES `orders` WRITE;
/*!40000 ALTER TABLE `orders` DISABLE KEYS */;
/*!40000 ALTER TABLE `orders` ENABLE KEYS */;
UNLOCK TABLES;

--
-- Table structure for table `payment`
--

DROP TABLE IF EXISTS `payment`;
/*!40101 SET @saved_cs_client     = @@character_set_client */;
/*!50503 SET character_set_client = utf8mb4 */;
CREATE TABLE `payment` (
  `id` int NOT NULL AUTO_INCREMENT,
  `total_amount` decimal(65,3) NOT NULL,
  `payment_number` varchar(500) NOT NULL,
  `payment_method` varchar(300) NOT NULL,
  `payment_date` timestamp NOT NULL DEFAULT CURRENT_TIMESTAMP,
  `created_at` timestamp NOT NULL DEFAULT CURRENT_TIMESTAMP,
  `updated_at` timestamp NULL DEFAULT NULL ON UPDATE CURRENT_TIMESTAMP,
  `order_id` int DEFAULT NULL,
  PRIMARY KEY (`id`),
  UNIQUE KEY `REL_f5221735ace059250daac9d980` (`order_id`),
  CONSTRAINT `FK_f5221735ace059250daac9d9803` FOREIGN KEY (`order_id`) REFERENCES `orders` (`id`)
) ENGINE=InnoDB DEFAULT CHARSET=utf8mb4 COLLATE=utf8mb4_0900_ai_ci;
/*!40101 SET character_set_client = @saved_cs_client */;

--
-- Dumping data for table `payment`
--

LOCK TABLES `payment` WRITE;
/*!40000 ALTER TABLE `payment` DISABLE KEYS */;
/*!40000 ALTER TABLE `payment` ENABLE KEYS */;
UNLOCK TABLES;

--
-- Table structure for table `shipment`
--

DROP TABLE IF EXISTS `shipment`;
/*!40101 SET @saved_cs_client     = @@character_set_client */;
/*!50503 SET character_set_client = utf8mb4 */;
CREATE TABLE `shipment` (
  `id` int NOT NULL AUTO_INCREMENT,
  `name` varchar(200) NOT NULL,
  `street` varchar(500) NOT NULL,
  `address` varchar(500) NOT NULL,
  `zipcode` varchar(300) NOT NULL,
  `phone_number` varchar(300) NOT NULL,
  `email` varchar(300) NOT NULL,
  `detail` text NOT NULL,
  `tracking_number` varchar(500) NOT NULL,
  `shipment_date` timestamp NOT NULL DEFAULT CURRENT_TIMESTAMP,
  `created_at` timestamp NOT NULL DEFAULT CURRENT_TIMESTAMP,
  `updated_at` timestamp NULL DEFAULT NULL ON UPDATE CURRENT_TIMESTAMP,
  `order_id` int DEFAULT NULL,
  PRIMARY KEY (`id`),
  UNIQUE KEY `REL_8326c2309eef8967ec2b38a05e` (`order_id`),
  CONSTRAINT `FK_8326c2309eef8967ec2b38a05e7` FOREIGN KEY (`order_id`) REFERENCES `orders` (`id`)
) ENGINE=InnoDB DEFAULT CHARSET=utf8mb4 COLLATE=utf8mb4_0900_ai_ci;
/*!40101 SET character_set_client = @saved_cs_client */;

--
-- Dumping data for table `shipment`
--

LOCK TABLES `shipment` WRITE;
/*!40000 ALTER TABLE `shipment` DISABLE KEYS */;
/*!40000 ALTER TABLE `shipment` ENABLE KEYS */;
UNLOCK TABLES;

--
-- Table structure for table `users`
--

DROP TABLE IF EXISTS `users`;
/*!40101 SET @saved_cs_client     = @@character_set_client */;
/*!50503 SET character_set_client = utf8mb4 */;
CREATE TABLE `users` (
  `id` int NOT NULL AUTO_INCREMENT,
  `name` varchar(300) DEFAULT NULL,
  `email` varchar(500) NOT NULL,
  `password` varchar(500) NOT NULL,
  `phone_number` varchar(300) NOT NULL,
  `birthday` date NOT NULL,
  `created_at` timestamp NOT NULL DEFAULT CURRENT_TIMESTAMP,
  `updated_at` timestamp NULL DEFAULT NULL ON UPDATE CURRENT_TIMESTAMP,
  PRIMARY KEY (`id`),
  UNIQUE KEY `IDX_97672ac88f789774dd47f7c8be` (`email`)
) ENGINE=InnoDB AUTO_INCREMENT=2 DEFAULT CHARSET=utf8mb4 COLLATE=utf8mb4_0900_ai_ci;
/*!40101 SET character_set_client = @saved_cs_client */;

--
-- Dumping data for table `users`
--

LOCK TABLES `users` WRITE;
/*!40000 ALTER TABLE `users` DISABLE KEYS */;
INSERT INTO `users` VALUES (1,'박선심','sunshim63@naver.com','$2a$10$TIeJ.L.ikObzfW0E9cD89.4rCx6HSZqd/dQBAgIkisd1lQqyTt0nK','010-1234-5678','1966-01-01','2023-07-15 07:47:12',NULL);
/*!40000 ALTER TABLE `users` ENABLE KEYS */;
UNLOCK TABLES;
/*!40103 SET TIME_ZONE=@OLD_TIME_ZONE */;

/*!40101 SET SQL_MODE=@OLD_SQL_MODE */;
/*!40014 SET FOREIGN_KEY_CHECKS=@OLD_FOREIGN_KEY_CHECKS */;
/*!40014 SET UNIQUE_CHECKS=@OLD_UNIQUE_CHECKS */;
/*!40101 SET CHARACTER_SET_CLIENT=@OLD_CHARACTER_SET_CLIENT */;
/*!40101 SET CHARACTER_SET_RESULTS=@OLD_CHARACTER_SET_RESULTS */;
/*!40101 SET COLLATION_CONNECTION=@OLD_COLLATION_CONNECTION */;
/*!40111 SET SQL_NOTES=@OLD_SQL_NOTES */;

-- Dump completed on 2023-07-15 18:42:34
